-- --------------------------------------------------------
-- Host:                         127.0.0.1
-- Server version:               10.1.21-MariaDB - mariadb.org binary distribution
-- Server OS:                    Win32
-- HeidiSQL Version:             12.4.0.6659
-- --------------------------------------------------------

/*!40101 SET @OLD_CHARACTER_SET_CLIENT=@@CHARACTER_SET_CLIENT */;
/*!40101 SET NAMES utf8 */;
/*!50503 SET NAMES utf8mb4 */;
/*!40103 SET @OLD_TIME_ZONE=@@TIME_ZONE */;
/*!40103 SET TIME_ZONE='+00:00' */;
/*!40014 SET @OLD_FOREIGN_KEY_CHECKS=@@FOREIGN_KEY_CHECKS, FOREIGN_KEY_CHECKS=0 */;
/*!40101 SET @OLD_SQL_MODE=@@SQL_MODE, SQL_MODE='NO_AUTO_VALUE_ON_ZERO' */;
/*!40111 SET @OLD_SQL_NOTES=@@SQL_NOTES, SQL_NOTES=0 */;


-- Dumping database structure for almai_db
CREATE DATABASE IF NOT EXISTS `almai_db` /*!40100 DEFAULT CHARACTER SET latin1 */;
USE `almai_db`;

-- Dumping structure for table almai_db.tbl_alumni
CREATE TABLE IF NOT EXISTS `tbl_alumni` (
  `alumni_id` int(11) NOT NULL AUTO_INCREMENT,
  `user_id` int(11) NOT NULL DEFAULT '0',
  `alumni_fname` varchar(150) DEFAULT NULL,
  `alumni_mname` varchar(150) DEFAULT NULL,
  `alumni_lname` varchar(150) DEFAULT NULL,
  `alumni_gender` varchar(10) DEFAULT NULL,
  `alumni_contact` varchar(15) DEFAULT NULL,
  `alumni_address` varchar(255) DEFAULT NULL,
  `course_id` int(11) NOT NULL DEFAULT '0',
  `alumni_graduation` date NOT NULL DEFAULT '0000-00-00',
  `created_at` datetime NOT NULL DEFAULT CURRENT_TIMESTAMP,
  `updated_at` datetime NOT NULL DEFAULT '0000-00-00 00:00:00' ON UPDATE CURRENT_TIMESTAMP,
  `is_employed` int(1) NOT NULL,
  PRIMARY KEY (`alumni_id`),
  KEY `user_id` (`user_id`)
) ENGINE=InnoDB AUTO_INCREMENT=198 DEFAULT CHARSET=latin1;

-- Dumping data for table almai_db.tbl_alumni: ~197 rows (approximately)
INSERT INTO `tbl_alumni` (`alumni_id`, `user_id`, `alumni_fname`, `alumni_mname`, `alumni_lname`, `alumni_gender`, `alumni_contact`, `alumni_address`, `course_id`, `alumni_graduation`, `created_at`, `updated_at`, `is_employed`) VALUES
	(1, 2, 'Joshua', 'Sanders', 'Magsaysay', 'Male', '0909', 'Silay, Negros Occidental', 28, '2011-04-01', '2023-04-21 15:23:10', '0000-00-00 00:00:00', 1),
	(2, 3, 'Sean', 'Stewart', 'Mercado', 'Male', '0909', 'Dumaguete, Negros Oriental', 33, '2017-04-01', '2023-04-21 15:23:10', '0000-00-00 00:00:00', 1),
	(3, 4, 'Xavier', 'James', 'Castillo', 'Male', '0909', 'Escalante, Negros Occidental', 26, '2011-04-01', '2023-04-21 15:23:10', '0000-00-00 00:00:00', 1),
	(4, 5, 'Ethan', 'Lopez', 'Asuncion', 'Male', '0909', 'Kabankalan, Negros Occidental', 14, '2008-04-01', '2023-04-21 15:23:10', '0000-00-00 00:00:00', 1),
	(5, 6, 'Logan', 'Gray', 'Rivera', 'Male', '0909', 'Talisay, Negros Occidental', 10, '2023-04-01', '2023-04-21 15:23:10', '0000-00-00 00:00:00', 1),
	(6, 7, 'Joseph', 'Hughes', 'Mallari', 'Male', '0909', 'Cadiz, Negros Occidental', 7, '2014-04-01', '2023-04-21 15:23:11', '0000-00-00 00:00:00', 1),
	(7, 8, 'David', 'Walker', 'Lagman', 'Male', '0909', 'Bago, Negros Occidental', 7, '2000-04-01', '2023-04-21 15:23:11', '0000-00-00 00:00:00', 1),
	(8, 9, 'Edward', 'James', 'Miranda', 'Male', '0909', 'Silay, Negros Occidental', 40, '2019-04-01', '2023-04-21 15:23:11', '0000-00-00 00:00:00', 1),
	(9, 10, 'Ryan', 'Lewis', 'Borromeo', 'Male', '0909', 'Victorias, Negros Occidental', 29, '2016-04-01', '2023-04-21 15:23:11', '0000-00-00 00:00:00', 1),
	(10, 11, 'James', 'Hill', 'Quintos', 'Male', '0909', 'Bacolod, Negros Occidental', 38, '2023-04-01', '2023-04-21 15:23:11', '0000-00-00 00:00:00', 1),
	(11, 12, 'Jack', 'Torres', 'Borromeo', 'Male', '0909', 'Cadiz, Negros Occidental', 6, '2002-04-01', '2023-04-21 15:23:11', '0000-00-00 00:00:00', 1),
	(12, 13, 'Paul', 'Green', 'Miranda', 'Male', '0909', 'Bais, Negros Oriental', 19, '2002-04-01', '2023-04-21 15:23:11', '0000-00-00 00:00:00', 1),
	(13, 14, 'Samuel', 'Anderson', 'Villar', 'Male', '0909', 'Mabinay, Negros Oriental', 6, '2017-04-01', '2023-04-21 15:23:11', '0000-00-00 00:00:00', 1),
	(14, 15, 'Joshua', 'Walker', 'Velasquez', 'Male', '0909', 'La Carlota, Negros Occidental', 24, '2016-04-01', '2023-04-21 15:23:11', '0000-00-00 00:00:00', 1),
	(15, 16, 'Kyle', 'Washington', 'Torres', 'Male', '0909', 'Bago, Negros Occidental', 39, '2006-04-01', '2023-04-21 15:23:11', '0000-00-00 00:00:00', 1),
	(16, 17, 'George', 'Powell', 'Lee', 'Male', '0909', 'Dumaguete, Negros Oriental', 14, '2001-04-01', '2023-04-21 15:23:11', '0000-00-00 00:00:00', 1),
	(17, 18, 'Timothy', 'Phillips', 'Santos', 'Male', '0909', 'Sipalay, Negros Occidental', 1, '2022-04-01', '2023-04-21 15:23:11', '0000-00-00 00:00:00', 1),
	(18, 19, 'Jesse', 'White', 'Custodio', 'Male', '0909', 'Sagay, Negros Occidental', 9, '2003-04-01', '2023-04-21 15:23:11', '0000-00-00 00:00:00', 1),
	(19, 20, 'Colin', 'Barnes', 'Borromeo', 'Male', '0909', 'Bayawan, Negros Oriental', 7, '2002-04-01', '2023-04-21 15:23:11', '0000-00-00 00:00:00', 1),
	(20, 21, 'Zachary', 'Lee', 'Villar', 'Male', '0909', 'Guihulngan, Negros Oriental', 5, '2021-04-01', '2023-04-21 15:23:11', '0000-00-00 00:00:00', 1),
	(21, 22, 'Oliver', 'Young', 'Velasquez', 'Male', '0909', 'Silay, Negros Occidental', 37, '2008-04-01', '2023-04-21 15:23:11', '0000-00-00 00:00:00', 1),
	(22, 23, 'Ethan', 'Brown', 'Guerrero', 'Male', '0909', 'Mabinay, Negros Oriental', 10, '2001-04-01', '2023-04-21 15:23:11', '0000-00-00 00:00:00', 1),
	(23, 24, 'Zeke', 'Miller', 'Soriano', 'Male', '0909', 'Tanjay, Negros Oriental', 31, '2020-04-01', '2023-04-21 15:23:11', '0000-00-00 00:00:00', 1),
	(24, 25, 'Joshua', 'Roberts', 'Vergara', 'Male', '0909', 'Dumaguete, Negros Oriental', 11, '2019-04-01', '2023-04-21 15:23:11', '0000-00-00 00:00:00', 1),
	(25, 26, 'Jacob', 'Cox', 'Quintos', 'Male', '0909', 'Victorias, Negros Occidental', 31, '2019-04-01', '2023-04-21 15:23:11', '0000-00-00 00:00:00', 1),
	(26, 27, 'Max', 'Reyes', 'Mendoza', 'Male', '0909', 'Bayawan, Negros Oriental', 31, '2012-04-01', '2023-04-21 15:23:11', '0000-00-00 00:00:00', 1),
	(27, 28, 'Eric', 'Bell', 'Ang', 'Male', '0909', 'Mabinay, Negros Oriental', 25, '2001-04-01', '2023-04-21 15:23:11', '0000-00-00 00:00:00', 1),
	(28, 29, 'Harrison', 'Reyes', 'Chua', 'Male', '0909', 'Mabinay, Negros Oriental', 21, '2009-04-01', '2023-04-21 15:23:11', '0000-00-00 00:00:00', 1),
	(29, 30, 'Scott', 'Perez', 'Aquino', 'Male', '0909', 'Guihulngan, Negros Oriental', 22, '2020-04-01', '2023-04-21 15:23:11', '0000-00-00 00:00:00', 1),
	(30, 31, 'Jayden', 'Mitchell', 'Carpio', 'Male', '0909', 'Escalante, Negros Occidental', 38, '2016-04-01', '2023-04-21 15:23:11', '0000-00-00 00:00:00', 1),
	(31, 32, 'Steven', 'Henderson', 'Camba', 'Male', '0909', 'Talisay, Negros Occidental', 16, '2005-04-01', '2023-04-21 15:23:11', '0000-00-00 00:00:00', 1),
	(32, 33, 'Nicholas', 'Perry', 'Yap', 'Male', '0909', 'San Carlos, Negros Occidental', 23, '2019-04-01', '2023-04-21 15:23:11', '0000-00-00 00:00:00', 1),
	(33, 34, 'Matthew', 'Torres', 'Castro', 'Male', '0909', 'Mabinay, Negros Oriental', 19, '2006-04-01', '2023-04-21 15:23:11', '0000-00-00 00:00:00', 1),
	(34, 35, 'Xavier', 'Young', 'Manuel', 'Male', '0909', 'Dumaguete, Negros Oriental', 22, '2004-04-01', '2023-04-21 15:23:11', '0000-00-00 00:00:00', 1),
	(35, 36, 'Victor', 'Barnes', 'Estrella', 'Male', '0909', 'Talisay, Negros Occidental', 6, '2020-04-01', '2023-04-21 15:23:11', '0000-00-00 00:00:00', 1),
	(36, 37, 'Mark', 'Reed', 'Ang', 'Male', '0909', 'Bacolod, Negros Occidental', 40, '2000-04-01', '2023-04-21 15:23:11', '0000-00-00 00:00:00', 1),
	(37, 38, 'Jordan', 'Hayes', 'Reyes', 'Male', '0909', 'Sipalay, Negros Occidental', 24, '2009-04-01', '2023-04-21 15:23:11', '0000-00-00 00:00:00', 1),
	(38, 39, 'Andrew', 'Rodriguez', 'Enriquez', 'Male', '0909', 'Kabankalan, Negros Occidental', 26, '2017-04-01', '2023-04-21 15:23:12', '0000-00-00 00:00:00', 1),
	(39, 40, 'Max', 'Powell', 'Dimaculangan', 'Male', '0909', 'Canlaon, Negros Oriental', 3, '2016-04-01', '2023-04-21 15:23:12', '0000-00-00 00:00:00', 1),
	(40, 41, 'Jesse', 'Long', 'Magsaysay', 'Male', '0909', 'San Carlos, Negros Occidental', 3, '2002-04-01', '2023-04-21 15:23:12', '0000-00-00 00:00:00', 1),
	(41, 42, 'Alex', 'Torres', 'Alvarez', 'Male', '0909', 'Mabinay, Negros Oriental', 17, '2008-04-01', '2023-04-21 15:23:12', '0000-00-00 00:00:00', 1),
	(42, 43, 'Charles', 'James', 'Dimaculangan', 'Male', '0909', 'Bayawan, Negros Oriental', 25, '2013-04-01', '2023-04-21 15:23:12', '0000-00-00 00:00:00', 1),
	(43, 44, 'Connor', 'Murphy', 'Bautista', 'Male', '0909', 'Bayawan, Negros Oriental', 40, '2000-04-01', '2023-04-21 15:23:12', '0000-00-00 00:00:00', 1),
	(44, 45, 'David', 'Barnes', 'Bello', 'Male', '0909', 'Escalante, Negros Occidental', 22, '2016-04-01', '2023-04-21 15:23:12', '0000-00-00 00:00:00', 1),
	(45, 46, 'Jordan', 'Parker', 'Javier', 'Male', '0909', 'Escalante, Negros Occidental', 24, '2004-04-01', '2023-04-21 15:23:12', '0000-00-00 00:00:00', 1),
	(46, 47, 'Daniel', 'Morris', 'Guerrero', 'Male', '0909', 'Sipalay, Negros Occidental', 19, '2012-04-01', '2023-04-21 15:23:12', '0000-00-00 00:00:00', 1),
	(47, 48, 'Timothy', 'Peterson', 'Marcelo', 'Male', '0909', 'Mabinay, Negros Oriental', 22, '2007-04-01', '2023-04-21 15:23:12', '0000-00-00 00:00:00', 1),
	(48, 49, 'Connor', 'James', 'Manila', 'Male', '0909', 'Cadiz, Negros Occidental', 28, '2001-04-01', '2023-04-21 15:23:12', '0000-00-00 00:00:00', 1),
	(49, 50, 'Edward', 'Murphy', 'Amador', 'Male', '0909', 'Dumaguete, Negros Oriental', 37, '2018-04-01', '2023-04-21 15:23:12', '0000-00-00 00:00:00', 1),
	(50, 51, 'Richard', 'Nguyen', 'Espino', 'Male', '0909', 'Talisay, Negros Occidental', 28, '2017-04-01', '2023-04-21 15:23:12', '0000-00-00 00:00:00', 1),
	(51, 52, 'Jacob', 'Taylor', 'Ocampo', 'Male', '0909', 'Sagay, Negros Occidental', 2, '2007-04-01', '2023-04-21 15:23:12', '0000-00-00 00:00:00', 1),
	(52, 53, 'Jonathan', 'Long', 'Chua', 'Male', '0909', 'Bais, Negros Oriental', 37, '2008-04-01', '2023-04-21 15:23:12', '0000-00-00 00:00:00', 1),
	(53, 54, 'Tyler', 'Hernandez', 'Ang', 'Male', '0909', 'Dumaguete, Negros Oriental', 10, '2005-04-01', '2023-04-21 15:23:12', '0000-00-00 00:00:00', 1),
	(54, 55, 'George', 'Roberts', 'Custodio', 'Male', '0909', 'Sagay, Negros Occidental', 34, '2012-04-01', '2023-04-21 15:23:12', '0000-00-00 00:00:00', 1),
	(55, 56, 'Paul', 'Ramirez', 'Lopez', 'Male', '0909', 'Bais, Negros Oriental', 2, '2023-04-01', '2023-04-21 15:23:12', '0000-00-00 00:00:00', 1),
	(56, 57, 'Max', 'Martinez', 'Quintos', 'Male', '0909', 'Talisay, Negros Occidental', 27, '2023-04-01', '2023-04-21 15:23:12', '0000-00-00 00:00:00', 1),
	(57, 58, 'Colin', 'Parker', 'Bernardo', 'Male', '0909', 'Victorias, Negros Occidental', 13, '2002-04-01', '2023-04-21 15:23:12', '0000-00-00 00:00:00', 1),
	(58, 59, 'Derek', 'Sanchez', 'Miranda', 'Male', '0909', 'Dumaguete, Negros Oriental', 38, '2015-04-01', '2023-04-21 15:23:12', '0000-00-00 00:00:00', 1),
	(59, 60, 'Colin', 'Nelson', 'Manalo', 'Male', '0909', 'Dumaguete, Negros Oriental', 7, '2013-04-01', '2023-04-21 15:23:12', '0000-00-00 00:00:00', 1),
	(60, 61, 'Michael', 'Bennett', 'Bernardo', 'Male', '0909', 'Victorias, Negros Occidental', 11, '2014-04-01', '2023-04-21 15:23:12', '0000-00-00 00:00:00', 1),
	(61, 62, 'Patrick', 'Bennett', 'Garcia', 'Male', '0909', 'Bais, Negros Oriental', 26, '2020-04-01', '2023-04-21 15:23:12', '0000-00-00 00:00:00', 1),
	(62, 63, 'Kevin', 'Young', 'Lee', 'Male', '0909', 'La Carlota, Negros Occidental', 22, '2013-04-01', '2023-04-21 15:23:12', '0000-00-00 00:00:00', 1),
	(63, 64, 'Timothy', 'Baker', 'Romero', 'Male', '0909', 'Canlaon, Negros Oriental', 27, '2013-04-01', '2023-04-21 15:23:12', '0000-00-00 00:00:00', 1),
	(64, 65, 'Ethan', 'Bell', 'Ang', 'Male', '0909', 'Sagay, Negros Occidental', 19, '2011-04-01', '2023-04-21 15:23:12', '0000-00-00 00:00:00', 1),
	(65, 66, 'Brian', 'Henderson', 'Lagman', 'Male', '0909', 'La Carlota, Negros Occidental', 15, '2013-04-01', '2023-04-21 15:23:12', '0000-00-00 00:00:00', 1),
	(66, 67, 'Kevin', 'Harris', 'Alvarez', 'Male', '0909', 'Bayawan, Negros Oriental', 14, '2020-04-01', '2023-04-21 15:23:12', '0000-00-00 00:00:00', 1),
	(67, 68, 'Colin', 'Cruz', 'Torres', 'Male', '0909', 'Sagay, Negros Occidental', 1, '2009-04-01', '2023-04-21 15:23:12', '0000-00-00 00:00:00', 1),
	(68, 69, 'Jesse', 'Wilson', 'Robles', 'Male', '0909', 'Guihulngan, Negros Oriental', 16, '2017-04-01', '2023-04-21 15:23:12', '0000-00-00 00:00:00', 1),
	(69, 70, 'Derek', 'Miller', 'Velasquez', 'Male', '0909', 'Bais, Negros Oriental', 39, '2020-04-01', '2023-04-21 15:23:13', '0000-00-00 00:00:00', 1),
	(70, 71, 'James', 'Cruz', 'Mercado', 'Male', '0909', 'La Carlota, Negros Occidental', 15, '2020-04-01', '2023-04-21 15:23:13', '0000-00-00 00:00:00', 1),
	(71, 72, 'Brian', 'Jenkins', 'Lopez', 'Male', '0909', 'Silay, Negros Occidental', 22, '2022-04-01', '2023-04-21 15:23:13', '0000-00-00 00:00:00', 1),
	(72, 73, 'Trevor', 'Ramirez', 'Marcelo', 'Male', '0909', 'Bacolod, Negros Occidental', 10, '2000-04-01', '2023-04-21 15:23:13', '0000-00-00 00:00:00', 1),
	(73, 74, 'Jason', 'Washington', 'Bernardo', 'Male', '0909', 'Bacolod, Negros Occidental', 22, '2014-04-01', '2023-04-21 15:23:13', '0000-00-00 00:00:00', 1),
	(74, 75, 'Jacob', 'Thompson', 'Torres', 'Male', '0909', 'Guihulngan, Negros Oriental', 21, '2022-04-01', '2023-04-21 15:23:13', '0000-00-00 00:00:00', 1),
	(75, 76, 'Jacob', 'Powell', 'Javier', 'Male', '0909', 'Bais, Negros Oriental', 10, '2020-04-01', '2023-04-21 15:23:13', '0000-00-00 00:00:00', 1),
	(76, 77, 'Jack', 'Johnson', 'Rodriguez', 'Male', '0909', 'Mabinay, Negros Oriental', 24, '2003-04-01', '2023-04-21 15:23:13', '0000-00-00 00:00:00', 1),
	(77, 78, 'Jonathan', 'Flores', 'Borromeo', 'Male', '0909', 'La Carlota, Negros Occidental', 7, '2020-04-01', '2023-04-21 15:23:13', '0000-00-00 00:00:00', 1),
	(78, 79, 'Eric', 'Davis', 'Lazaro', 'Male', '0909', 'Escalante, Negros Occidental', 32, '2009-04-01', '2023-04-21 15:23:13', '0000-00-00 00:00:00', 1),
	(79, 80, 'Joshua', 'Turner', 'Ferrer', 'Male', '0909', 'Bais, Negros Oriental', 23, '2018-04-01', '2023-04-21 15:23:13', '0000-00-00 00:00:00', 1),
	(80, 81, 'Andrew', 'Brooks', 'Ferrer', 'Male', '0909', 'Talisay, Negros Occidental', 15, '2005-04-01', '2023-04-21 15:23:13', '0000-00-00 00:00:00', 1),
	(81, 82, 'John', 'Reyes', 'Villar', 'Male', '0909', 'Bais, Negros Oriental', 1, '2023-04-01', '2023-04-21 15:23:13', '0000-00-00 00:00:00', 1),
	(82, 83, 'Samuel', 'Brown', 'Manalo', 'Male', '0909', 'Guihulngan, Negros Oriental', 23, '2009-04-01', '2023-04-21 15:23:13', '0000-00-00 00:00:00', 1),
	(83, 84, 'Dylan', 'Baker', 'Tan', 'Male', '0909', 'Bacolod, Negros Occidental', 31, '2021-04-01', '2023-04-21 15:23:13', '0000-00-00 00:00:00', 1),
	(84, 85, 'Lucas', 'Morgan', 'Abella', 'Male', '0909', 'Bacolod, Negros Occidental', 4, '2002-04-01', '2023-04-21 15:23:13', '0000-00-00 00:00:00', 1),
	(85, 86, 'Thomas', 'James', 'Carpio', 'Male', '0909', 'Bago, Negros Occidental', 17, '2023-04-01', '2023-04-21 15:23:13', '0000-00-00 00:00:00', 1),
	(86, 87, 'Matthew', 'Jones', 'Buenaventura', 'Male', '0909', 'Dumaguete, Negros Oriental', 23, '2012-04-01', '2023-04-21 15:23:13', '0000-00-00 00:00:00', 1),
	(87, 88, 'Max', 'Wilson', 'Guerrero', 'Male', '0909', 'Guihulngan, Negros Oriental', 40, '2015-04-01', '2023-04-21 15:23:13', '0000-00-00 00:00:00', 1),
	(88, 89, 'Ryan', 'Miller', 'Francisco', 'Male', '0909', 'Canlaon, Negros Oriental', 17, '2012-04-01', '2023-04-21 15:23:13', '0000-00-00 00:00:00', 1),
	(89, 90, 'Jack', 'Edwards', 'Yee', 'Male', '0909', 'Sagay, Negros Occidental', 22, '2012-04-01', '2023-04-21 15:23:13', '0000-00-00 00:00:00', 1),
	(90, 91, 'Joseph', 'Young', 'Reyes', 'Male', '0909', 'Escalante, Negros Occidental', 26, '2013-04-01', '2023-04-21 15:23:13', '0000-00-00 00:00:00', 1),
	(91, 92, 'Miles', 'Russell', 'Silva', 'Male', '0909', 'Canlaon, Negros Oriental', 5, '2006-04-01', '2023-04-21 15:23:13', '0000-00-00 00:00:00', 1),
	(92, 93, 'Zachary', 'Torres', 'Duran', 'Male', '0909', 'Bais, Negros Oriental', 23, '2003-04-01', '2023-04-21 15:23:13', '0000-00-00 00:00:00', 1),
	(93, 94, 'Owen', 'Hayes', 'Capistrano', 'Male', '0909', 'Cadiz, Negros Occidental', 38, '2017-04-01', '2023-04-21 15:23:13', '0000-00-00 00:00:00', 1),
	(94, 95, 'Philip', 'Taylor', 'Santos', 'Male', '0909', 'Escalante, Negros Occidental', 24, '2023-04-01', '2023-04-21 15:23:13', '0000-00-00 00:00:00', 1),
	(95, 96, 'Jason', 'Jones', 'Asuncion', 'Male', '0909', 'Tanjay, Negros Oriental', 27, '2016-04-01', '2023-04-21 15:23:13', '0000-00-00 00:00:00', 1),
	(96, 97, 'Miles', 'Gonzalez', 'Capistrano', 'Male', '0909', 'Bais, Negros Oriental', 28, '2023-04-01', '2023-04-21 15:23:13', '0000-00-00 00:00:00', 1),
	(97, 98, 'Derek', 'Rivera', 'Dimaculangan', 'Male', '0909', 'Victorias, Negros Occidental', 9, '2022-04-01', '2023-04-21 15:23:13', '0000-00-00 00:00:00', 1),
	(98, 99, 'Peter', 'Diaz', 'Uy', 'Male', '0909', 'Mabinay, Negros Oriental', 26, '2014-04-01', '2023-04-21 15:23:13', '0000-00-00 00:00:00', 1),
	(99, 100, 'Charles', 'Perry', 'Caballero', 'Male', '0909', 'Dumaguete, Negros Oriental', 26, '2004-04-01', '2023-04-21 15:23:13', '0000-00-00 00:00:00', 1),
	(100, 101, 'Trevor', 'Cooper', 'Ramos', 'Male', '0909', 'Sagay, Negros Occidental', 21, '2017-04-01', '2023-04-21 15:23:13', '0000-00-00 00:00:00', 1),
	(101, 102, 'Kevin', 'Flores', 'Rivera', 'Male', '0909', 'San Carlos, Negros Occidental', 28, '2021-04-01', '2023-04-21 15:23:13', '0000-00-00 00:00:00', 1),
	(102, 103, 'Raymond', 'Hall', 'Villanueva', 'Male', '0909', 'Bais, Negros Oriental', 22, '2015-04-01', '2023-04-21 15:23:14', '0000-00-00 00:00:00', 1),
	(103, 104, 'Joseph', 'Hall', 'Castillo', 'Male', '0909', 'Canlaon, Negros Oriental', 5, '2018-04-01', '2023-04-21 15:23:14', '0000-00-00 00:00:00', 1),
	(104, 105, 'Luke', 'Lewis', 'Ang', 'Male', '0909', 'Mabinay, Negros Oriental', 33, '2020-04-01', '2023-04-21 15:23:14', '0000-00-00 00:00:00', 1),
	(105, 106, 'David', 'Allen', 'Magsaysay', 'Male', '0909', 'Bayawan, Negros Oriental', 15, '2006-04-01', '2023-04-21 15:23:14', '0000-00-00 00:00:00', 1),
	(106, 107, 'Travis', 'Cox', 'Custodio', 'Male', '0909', 'Mabinay, Negros Oriental', 27, '2006-04-01', '2023-04-21 15:23:14', '0000-00-00 00:00:00', 1),
	(107, 108, 'Adam', 'King', 'Francisco', 'Male', '0909', 'Bago, Negros Occidental', 27, '2003-04-01', '2023-04-21 15:23:14', '0000-00-00 00:00:00', 1),
	(108, 109, 'Oliver', 'Morgan', 'Borromeo', 'Male', '0909', 'Bayawan, Negros Oriental', 15, '2008-04-01', '2023-04-21 15:23:14', '0000-00-00 00:00:00', 1),
	(109, 110, 'Oliver', 'Adams', 'Caballero', 'Male', '0909', 'Kabankalan, Negros Occidental', 15, '2022-04-01', '2023-04-21 15:23:14', '0000-00-00 00:00:00', 1),
	(110, 111, 'Harrison', 'Jenkins', 'Uy', 'Male', '0909', 'Canlaon, Negros Oriental', 12, '2007-04-01', '2023-04-21 15:23:14', '0000-00-00 00:00:00', 1),
	(111, 112, 'Brandon', 'Cooper', 'Santos', 'Male', '0909', 'Sagay, Negros Occidental', 29, '2018-04-01', '2023-04-21 15:23:14', '0000-00-00 00:00:00', 1),
	(112, 113, 'Justin', 'Nguyen', 'Cruz', 'Male', '0909', 'San Carlos, Negros Occidental', 20, '2004-04-01', '2023-04-21 15:23:14', '0000-00-00 00:00:00', 1),
	(113, 114, 'Anthony', 'Nguyen', 'Reyes', 'Male', '0909', 'Talisay, Negros Occidental', 38, '2020-04-01', '2023-04-21 15:23:14', '0000-00-00 00:00:00', 1),
	(114, 115, 'Owen', 'Carter', 'Robles', 'Male', '0909', 'Sipalay, Negros Occidental', 27, '2018-04-01', '2023-04-21 15:23:14', '0000-00-00 00:00:00', 1),
	(115, 116, 'David', 'Bailey', 'Ocampo', 'Male', '0909', 'Canlaon, Negros Oriental', 31, '2002-04-01', '2023-04-21 15:23:14', '0000-00-00 00:00:00', 1),
	(116, 117, 'Patrick', 'Gray', 'Reyes', 'Male', '0909', 'Bayawan, Negros Oriental', 34, '2001-04-01', '2023-04-21 15:23:14', '0000-00-00 00:00:00', 1),
	(117, 118, 'Derek', 'Parker', 'Asuncion', 'Male', '0909', 'Canlaon, Negros Oriental', 22, '2002-04-01', '2023-04-21 15:23:14', '0000-00-00 00:00:00', 1),
	(118, 119, 'Samuel', 'Bailey', 'Soriano', 'Male', '0909', 'Bago, Negros Occidental', 3, '2023-04-01', '2023-04-21 15:23:14', '0000-00-00 00:00:00', 1),
	(119, 120, 'Vincent', 'Wilson', 'Marquez', 'Male', '0909', 'Himamaylan, Negros Occidental', 13, '2007-04-01', '2023-04-21 15:23:14', '0000-00-00 00:00:00', 1),
	(120, 121, 'Jordan', 'Cruz', 'Estrella', 'Male', '0909', 'Guihulngan, Negros Oriental', 15, '2005-04-01', '2023-04-21 15:23:14', '0000-00-00 00:00:00', 1),
	(121, 122, 'Christopher', 'Gonzalez', 'Enriquez', 'Male', '0909', 'Dumaguete, Negros Oriental', 13, '2013-04-01', '2023-04-21 15:23:14', '0000-00-00 00:00:00', 1),
	(122, 123, 'Raymond', 'Wright', 'Espino', 'Male', '0909', 'San Carlos, Negros Occidental', 27, '2014-04-01', '2023-04-21 15:23:14', '0000-00-00 00:00:00', 1),
	(123, 124, 'Scott', 'Jones', 'Soriano', 'Male', '0909', 'Kabankalan, Negros Occidental', 31, '2009-04-01', '2023-04-21 15:23:14', '0000-00-00 00:00:00', 1),
	(124, 125, 'Xavier', 'Johnson', 'Perez', 'Male', '0909', 'Dumaguete, Negros Oriental', 32, '2000-04-01', '2023-04-21 15:23:14', '0000-00-00 00:00:00', 1),
	(125, 126, 'Alex', 'Lee', 'Dimaculangan', 'Male', '0909', 'San Carlos, Negros Occidental', 11, '2004-04-01', '2023-04-21 15:23:14', '0000-00-00 00:00:00', 1),
	(126, 127, 'Kevin', 'Gray', 'Bello', 'Male', '0909', 'Escalante, Negros Occidental', 17, '2017-04-01', '2023-04-21 15:23:14', '0000-00-00 00:00:00', 1),
	(127, 128, 'Kevin', 'Walker', 'Manila', 'Male', '0909', 'Bacolod, Negros Occidental', 24, '2013-04-01', '2023-04-21 15:23:14', '0000-00-00 00:00:00', 1),
	(128, 129, 'Isaac', 'Hughes', 'Mallari', 'Male', '0909', 'Mabinay, Negros Oriental', 11, '2006-04-01', '2023-04-21 15:23:14', '0000-00-00 00:00:00', 1),
	(129, 130, 'Jonathan', 'Campbell', 'Lopez', 'Male', '0909', 'Bayawan, Negros Oriental', 31, '2004-04-01', '2023-04-21 15:23:14', '0000-00-00 00:00:00', 1),
	(130, 131, 'Daniel', 'Hall', 'Perez', 'Male', '0909', 'Bais, Negros Oriental', 19, '2017-04-01', '2023-04-21 15:23:14', '0000-00-00 00:00:00', 1),
	(131, 132, 'Ryan', 'Brown', 'Dela Peña', 'Male', '0909', 'Himamaylan, Negros Occidental', 7, '2016-04-01', '2023-04-21 15:23:14', '0000-00-00 00:00:00', 1),
	(132, 133, 'Henry', 'Reed', 'Domingo', 'Male', '0909', 'Silay, Negros Occidental', 23, '2003-04-01', '2023-04-21 15:23:14', '0000-00-00 00:00:00', 1),
	(133, 134, 'Henry', 'Cruz', 'Navarro', 'Male', '0909', 'Dumaguete, Negros Oriental', 6, '2021-04-01', '2023-04-21 15:23:15', '0000-00-00 00:00:00', 1),
	(134, 135, 'Harrison', 'Lee', 'Perez', 'Male', '0909', 'La Carlota, Negros Occidental', 7, '2017-04-01', '2023-04-21 15:23:15', '0000-00-00 00:00:00', 1),
	(135, 136, 'Seth', 'Wood', 'Bernardo', 'Male', '0909', 'Himamaylan, Negros Occidental', 32, '2013-04-01', '2023-04-21 15:23:15', '0000-00-00 00:00:00', 1),
	(136, 137, 'Joshua', 'Barnes', 'Manalo', 'Male', '0909', 'Bacolod, Negros Occidental', 8, '2017-04-01', '2023-04-21 15:23:15', '0000-00-00 00:00:00', 1),
	(137, 138, 'Elijah', 'Perez', 'Silva', 'Male', '0909', 'Guihulngan, Negros Oriental', 20, '2023-04-01', '2023-04-21 15:23:15', '0000-00-00 00:00:00', 1),
	(138, 139, 'Jason', 'Young', 'Perez', 'Male', '0909', 'Kabankalan, Negros Occidental', 39, '2006-04-01', '2023-04-21 15:23:15', '0000-00-00 00:00:00', 1),
	(139, 140, 'Max', 'Wood', 'Escalante', 'Male', '0909', 'Canlaon, Negros Oriental', 30, '2006-04-01', '2023-04-21 15:23:15', '0000-00-00 00:00:00', 1),
	(140, 141, 'Alex', 'Adams', 'Mallari', 'Male', '0909', 'Victorias, Negros Occidental', 31, '2004-04-01', '2023-04-21 15:23:15', '0000-00-00 00:00:00', 1),
	(141, 142, 'Justin', 'Perry', 'Mallari', 'Male', '0909', 'Bayawan, Negros Oriental', 9, '2000-04-01', '2023-04-21 15:23:15', '0000-00-00 00:00:00', 1),
	(142, 143, 'Colin', 'Campbell', 'Ang', 'Male', '0909', 'Tanjay, Negros Oriental', 6, '2002-04-01', '2023-04-21 15:23:15', '0000-00-00 00:00:00', 1),
	(143, 144, 'Zachary', 'Richardson', 'Escalante', 'Male', '0909', 'Mabinay, Negros Oriental', 16, '2020-04-01', '2023-04-21 15:23:15', '0000-00-00 00:00:00', 1),
	(144, 145, 'Ethan', 'Lee', 'Aquino', 'Male', '0909', 'Bais, Negros Oriental', 13, '2011-04-01', '2023-04-21 15:23:15', '0000-00-00 00:00:00', 1),
	(145, 146, 'Isaac', 'Kelly', 'Dela Rosa', 'Male', '0909', 'Bais, Negros Oriental', 31, '2017-04-01', '2023-04-21 15:23:15', '0000-00-00 00:00:00', 1),
	(146, 147, 'Seth', 'Anderson', 'Marquez', 'Male', '0909', 'Guihulngan, Negros Oriental', 39, '2023-04-01', '2023-04-21 15:23:15', '0000-00-00 00:00:00', 1),
	(147, 148, 'Joseph', 'Scott', 'Tolentino', 'Male', '0909', 'Mabinay, Negros Oriental', 22, '2001-04-01', '2023-04-21 15:23:15', '0000-00-00 00:00:00', 1),
	(148, 149, 'Timothy', 'Garcia', 'Alvarez', 'Male', '0909', 'Mabinay, Negros Oriental', 20, '2019-04-01', '2023-04-21 15:23:15', '0000-00-00 00:00:00', 1),
	(149, 150, 'Eric', 'Mitchell', 'Bernardo', 'Male', '0909', 'Tanjay, Negros Oriental', 27, '2010-04-01', '2023-04-21 15:23:15', '0000-00-00 00:00:00', 1),
	(150, 151, 'Noah', 'Garcia', 'Navarro', 'Male', '0909', 'Bayawan, Negros Oriental', 9, '2005-04-01', '2023-04-21 15:23:15', '0000-00-00 00:00:00', 1),
	(151, 152, 'Lucas', 'Patterson', 'Pascual', 'Male', '0909', 'Talisay, Negros Occidental', 24, '2012-04-01', '2023-04-21 15:23:15', '0000-00-00 00:00:00', 1),
	(152, 153, 'Max', 'Taylor', 'Capistrano', 'Male', '0909', 'Sagay, Negros Occidental', 6, '2004-04-01', '2023-04-21 15:23:15', '0000-00-00 00:00:00', 1),
	(153, 154, 'Charles', 'Davis', 'Lacson', 'Male', '0909', 'Sagay, Negros Occidental', 23, '2021-04-01', '2023-04-21 15:23:15', '0000-00-00 00:00:00', 1),
	(154, 155, 'Jayden', 'Edwards', 'Andrada', 'Male', '0909', 'Sipalay, Negros Occidental', 34, '2005-04-01', '2023-04-21 15:23:15', '0000-00-00 00:00:00', 1),
	(155, 156, 'Trevor', 'Howard', 'Magsaysay', 'Male', '0909', 'Tanjay, Negros Oriental', 22, '2009-04-01', '2023-04-21 15:23:15', '0000-00-00 00:00:00', 1),
	(156, 157, 'Cameron', 'Davis', 'Buenaventura', 'Male', '0909', 'Tanjay, Negros Oriental', 5, '2009-04-01', '2023-04-21 15:23:15', '0000-00-00 00:00:00', 1),
	(157, 158, 'Anthony', 'Harrison', 'Amador', 'Male', '0909', 'Bago, Negros Occidental', 39, '2001-04-01', '2023-04-21 15:23:15', '0000-00-00 00:00:00', 1),
	(158, 159, 'Sean', 'Lewis', 'Tan', 'Male', '0909', 'Dumaguete, Negros Oriental', 25, '2016-04-01', '2023-04-21 15:23:15', '0000-00-00 00:00:00', 1),
	(159, 160, 'Daniel', 'Flores', 'Abella', 'Male', '0909', 'Victorias, Negros Occidental', 39, '2007-04-01', '2023-04-21 15:23:15', '0000-00-00 00:00:00', 1),
	(160, 161, 'Jeffrey', 'Cooper', 'Carpio', 'Male', '0909', 'Bago, Negros Occidental', 39, '2020-04-01', '2023-04-21 15:23:15', '0000-00-00 00:00:00', 1),
	(161, 162, 'Nathan', 'Collins', 'Caballero', 'Male', '0909', 'Dumaguete, Negros Oriental', 7, '2015-04-01', '2023-04-21 15:23:15', '0000-00-00 00:00:00', 1),
	(162, 163, 'Richard', 'Rivera', 'Sarmiento', 'Male', '0909', 'La Carlota, Negros Occidental', 40, '2019-04-01', '2023-04-21 15:23:15', '0000-00-00 00:00:00', 1),
	(163, 164, 'George', 'Ramirez', 'Garcia', 'Male', '0909', 'Guihulngan, Negros Oriental', 5, '2017-04-01', '2023-04-21 15:23:15', '0000-00-00 00:00:00', 1),
	(164, 165, 'Benjamin', 'Perez', 'Macapagal', 'Male', '0909', 'Bais, Negros Oriental', 8, '2022-04-01', '2023-04-21 15:23:16', '0000-00-00 00:00:00', 1),
	(165, 166, 'Jeffrey', 'Clark', 'Dela Peña', 'Male', '0909', 'Victorias, Negros Occidental', 2, '2017-04-01', '2023-04-21 15:23:16', '0000-00-00 00:00:00', 1),
	(166, 167, 'Benjamin', 'Reyes', 'Bernardo', 'Male', '0909', 'Guihulngan, Negros Oriental', 22, '2020-04-01', '2023-04-21 15:23:16', '0000-00-00 00:00:00', 1),
	(167, 168, 'Jayden', 'Ramirez', 'Rivera', 'Male', '0909', 'Bayawan, Negros Oriental', 13, '2009-04-01', '2023-04-21 15:23:16', '0000-00-00 00:00:00', 1),
	(168, 169, 'Owen', 'Diaz', 'Marquez', 'Male', '0909', 'Mabinay, Negros Oriental', 23, '2001-04-01', '2023-04-21 15:23:16', '0000-00-00 00:00:00', 1),
	(169, 170, 'Wesley', 'Parker', 'Andrada', 'Male', '0909', 'Tanjay, Negros Oriental', 5, '2001-04-01', '2023-04-21 15:23:16', '0000-00-00 00:00:00', 1),
	(170, 171, 'Michael', 'Harrison', 'Villanueva', 'Male', '0909', 'Talisay, Negros Occidental', 20, '2014-04-01', '2023-04-21 15:23:16', '0000-00-00 00:00:00', 1),
	(171, 172, 'Jeremy', 'Collins', 'Bello', 'Male', '0909', 'Victorias, Negros Occidental', 23, '2000-04-01', '2023-04-21 15:23:16', '0000-00-00 00:00:00', 1),
	(172, 173, 'Steven', 'Moore', 'Tolentino', 'Male', '0909', 'Bais, Negros Oriental', 8, '2015-04-01', '2023-04-21 15:23:16', '0000-00-00 00:00:00', 1),
	(173, 174, 'Peter', 'Smith', 'Ferrer', 'Male', '0909', 'Canlaon, Negros Oriental', 33, '2009-04-01', '2023-04-21 15:23:16', '0000-00-00 00:00:00', 1),
	(174, 175, 'Nicholas', 'Miller', 'Panganiban', 'Male', '0909', 'Bais, Negros Oriental', 36, '2023-04-01', '2023-04-21 15:23:16', '0000-00-00 00:00:00', 1),
	(175, 176, 'Travis', 'Sanders', 'Estrella', 'Male', '0909', 'Himamaylan, Negros Occidental', 4, '2009-04-01', '2023-04-21 15:23:16', '0000-00-00 00:00:00', 1),
	(176, 177, 'Edward', 'Nelson', 'Mendoza', 'Male', '0909', 'Bayawan, Negros Oriental', 6, '2002-04-01', '2023-04-21 15:23:16', '0000-00-00 00:00:00', 1),
	(177, 178, 'Eric', 'Jenkins', 'Chua', 'Male', '0909', 'Bacolod, Negros Occidental', 30, '2007-04-01', '2023-04-21 15:23:16', '0000-00-00 00:00:00', 1),
	(178, 179, 'Zachary', 'Wright', 'Bello', 'Male', '0909', 'Mabinay, Negros Oriental', 16, '2015-04-01', '2023-04-21 15:23:16', '0000-00-00 00:00:00', 1),
	(179, 180, 'Seth', 'Hernandez', 'Ong', 'Male', '0909', 'Dumaguete, Negros Oriental', 35, '2023-04-01', '2023-04-21 15:23:16', '0000-00-00 00:00:00', 1),
	(180, 181, 'Edward', 'Howard', 'Villanueva', 'Male', '0909', 'Guihulngan, Negros Oriental', 14, '2016-04-01', '2023-04-21 15:23:16', '0000-00-00 00:00:00', 1),
	(181, 182, 'Robert', 'Edwards', 'Hernandez', 'Male', '0909', 'La Carlota, Negros Occidental', 4, '2020-04-01', '2023-04-21 15:23:16', '0000-00-00 00:00:00', 1),
	(182, 183, 'Wesley', 'Ross', 'Francisco', 'Male', '0909', 'Kabankalan, Negros Occidental', 15, '2006-04-01', '2023-04-21 15:23:16', '0000-00-00 00:00:00', 1),
	(183, 184, 'Jason', 'Torres', 'Robles', 'Male', '0909', 'Himamaylan, Negros Occidental', 33, '2018-04-01', '2023-04-21 15:23:16', '0000-00-00 00:00:00', 1),
	(184, 185, 'Colin', 'Bennett', 'Lazaro', 'Male', '0909', 'Cadiz, Negros Occidental', 39, '2016-04-01', '2023-04-21 15:23:16', '0000-00-00 00:00:00', 1),
	(185, 186, 'Cameron', 'Wright', 'Romero', 'Male', '0909', 'Canlaon, Negros Oriental', 37, '2004-04-01', '2023-04-21 15:23:16', '0000-00-00 00:00:00', 1),
	(186, 187, 'Timothy', 'Hernandez', 'Estrella', 'Male', '0909', 'Sagay, Negros Occidental', 22, '2014-04-01', '2023-04-21 15:23:16', '0000-00-00 00:00:00', 1),
	(187, 188, 'Christopher', 'Russell', 'Ortega', 'Male', '0909', 'Bago, Negros Occidental', 2, '2021-04-01', '2023-04-21 15:23:16', '0000-00-00 00:00:00', 1),
	(188, 189, 'Austin', 'King', 'Ibanez', 'Male', '0909', 'Sagay, Negros Occidental', 38, '2021-04-01', '2023-04-21 15:23:16', '0000-00-00 00:00:00', 1),
	(189, 190, 'Philip', 'Foster', 'Buenaventura', 'Male', '0909', 'Tanjay, Negros Oriental', 39, '2011-04-01', '2023-04-21 15:23:16', '0000-00-00 00:00:00', 1),
	(190, 191, 'Eric', 'Stewart', 'Cabrera', 'Male', '0909', 'Sipalay, Negros Occidental', 15, '2001-04-01', '2023-04-21 15:23:16', '0000-00-00 00:00:00', 1),
	(191, 192, 'Luke', 'Jones', 'Sarmiento', 'Male', '0909', 'Sagay, Negros Occidental', 14, '2009-04-01', '2023-04-21 15:23:16', '0000-00-00 00:00:00', 1),
	(192, 193, 'Isaac', 'Rivera', 'Amador', 'Male', '0909', 'Canlaon, Negros Oriental', 30, '2011-04-01', '2023-04-21 15:23:16', '0000-00-00 00:00:00', 1),
	(193, 194, 'John', 'Barnes', 'Lagman', 'Male', '0909', 'Sipalay, Negros Occidental', 30, '2009-04-01', '2023-04-21 15:23:16', '0000-00-00 00:00:00', 1),
	(194, 195, 'Derek', 'Brown', 'Bernardo', 'Male', '0909', 'Canlaon, Negros Oriental', 17, '2023-04-01', '2023-04-21 15:23:16', '0000-00-00 00:00:00', 1),
	(195, 196, 'Jesse', 'Clark', 'Navarro', 'Male', '0909', 'Kabankalan, Negros Occidental', 20, '2005-04-01', '2023-04-21 15:23:16', '0000-00-00 00:00:00', 1),
	(196, 197, 'Derek', 'Flores', 'Fajardo', 'Male', '0909', 'Bago, Negros Occidental', 18, '2019-04-01', '2023-04-21 15:23:17', '0000-00-00 00:00:00', 1),
	(197, 198, 'Austin', 'Cook', 'Chua', 'Male', '0909', 'Bacolod, Negros Occidental', 38, '2006-04-01', '2023-04-21 15:23:17', '0000-00-00 00:00:00', 1);

-- Dumping structure for table almai_db.tbl_alumni_educations
CREATE TABLE IF NOT EXISTS `tbl_alumni_educations` (
  `educ_id` int(11) NOT NULL AUTO_INCREMENT,
  `alumni_id` int(11) NOT NULL,
  `educ_degree` varchar(255) DEFAULT NULL,
  `educ_school` varchar(255) DEFAULT NULL,
  `year_enrolled` year(4) NOT NULL,
  `year_graduated` year(4) NOT NULL,
  `honor_received` varchar(255) DEFAULT NULL,
  `created_at` datetime NOT NULL DEFAULT CURRENT_TIMESTAMP,
  `updated_at` datetime DEFAULT NULL,
  PRIMARY KEY (`educ_id`)
) ENGINE=InnoDB AUTO_INCREMENT=198 DEFAULT CHARSET=latin1;

-- Dumping data for table almai_db.tbl_alumni_educations: ~197 rows (approximately)
INSERT INTO `tbl_alumni_educations` (`educ_id`, `alumni_id`, `educ_degree`, `educ_school`, `year_enrolled`, `year_graduated`, `honor_received`, `created_at`, `updated_at`) VALUES
	(1, 1, 'Bachelor of Science in Information Technology', 'Northern Negros State College of Science and Technology', '2011', '2007', '', '2023-04-21 15:23:10', NULL),
	(2, 2, 'Doctor of Philosophy in Technology Management', 'Northern Negros State College of Science and Technology', '2017', '2013', '', '2023-04-21 15:23:10', NULL),
	(3, 3, 'Bachelor of Science in Entertainment and Multimedia Computing major in Animation Technology', 'Northern Negros State College of Science and Technology', '2011', '2007', '', '2023-04-21 15:23:10', NULL),
	(4, 4, 'Bachelor in Physical Education', 'Northern Negros State College of Science and Technology', '2008', '2004', '', '2023-04-21 15:23:10', NULL),
	(5, 5, 'Bachelor of Science in Cooperative Management', 'Northern Negros State College of Science and Technology', '2023', '2019', '', '2023-04-21 15:23:10', NULL),
	(6, 6, 'Bachelor of Science in Accounting Information System', 'Northern Negros State College of Science and Technology', '2014', '2010', '', '2023-04-21 15:23:11', NULL),
	(7, 7, 'Bachelor of Science in Accounting Information System', 'Northern Negros State College of Science and Technology', '2000', '1996', '', '2023-04-21 15:23:11', NULL),
	(8, 8, 'Master of Science in Fisheries', 'Northern Negros State College of Science and Technology', '2019', '2015', '', '2023-04-21 15:23:11', NULL),
	(9, 9, 'Bachelor of Science in Nursing', 'Northern Negros State College of Science and Technology', '2016', '2012', '', '2023-04-21 15:23:11', NULL),
	(10, 10, 'Master of Arts in Education major in Educational Management', 'Northern Negros State College of Science and Technology', '2023', '2019', '', '2023-04-21 15:23:11', NULL),
	(11, 11, 'Bachelor of Public Administration', 'Northern Negros State College of Science and Technology', '2002', '1998', '', '2023-04-21 15:23:11', NULL),
	(12, 12, 'Bachelor of Secondary Education major in Technology and Livelihood Education', 'Northern Negros State College of Science and Technology', '2002', '1998', '', '2023-04-21 15:23:11', NULL),
	(13, 13, 'Bachelor of Public Administration', 'Northern Negros State College of Science and Technology', '2017', '2013', '', '2023-04-21 15:23:11', NULL),
	(14, 14, 'Diploma in Teaching', 'Northern Negros State College of Science and Technology', '2016', '2012', '', '2023-04-21 15:23:11', NULL),
	(15, 15, 'Master of Science in Agriculture', 'Northern Negros State College of Science and Technology', '2006', '2002', '', '2023-04-21 15:23:11', NULL),
	(16, 16, 'Bachelor in Physical Education', 'Northern Negros State College of Science and Technology', '2001', '1997', '', '2023-04-21 15:23:11', NULL),
	(17, 17, 'Bachelor of Science in Agribusiness', 'Northern Negros State College of Science and Technology', '2022', '2018', '', '2023-04-21 15:23:11', NULL),
	(18, 18, 'Bachelor of Science in Business Administration major in Marketing Management', 'Northern Negros State College of Science and Technology', '2003', '1999', '', '2023-04-21 15:23:11', NULL),
	(19, 19, 'Bachelor of Science in Accounting Information System', 'Northern Negros State College of Science and Technology', '2002', '1998', '', '2023-04-21 15:23:11', NULL),
	(20, 20, 'Bachelor of Science in Biology', 'Northern Negros State College of Science and Technology', '2021', '2017', '', '2023-04-21 15:23:11', NULL),
	(21, 21, 'Master in Public Administration', 'Northern Negros State College of Science and Technology', '2008', '2004', '', '2023-04-21 15:23:11', NULL),
	(22, 22, 'Bachelor of Science in Cooperative Management', 'Northern Negros State College of Science and Technology', '2001', '1997', '', '2023-04-21 15:23:11', NULL),
	(23, 23, 'Doctor in Information Technology', 'Northern Negros State College of Science and Technology', '2020', '2016', '', '2023-04-21 15:23:11', NULL),
	(24, 24, 'Bachelor of Science in Hospitality Management', 'Northern Negros State College of Science and Technology', '2019', '2015', '', '2023-04-21 15:23:11', NULL),
	(25, 25, 'Doctor in Information Technology', 'Northern Negros State College of Science and Technology', '2019', '2015', '', '2023-04-21 15:23:11', NULL),
	(26, 26, 'Doctor in Information Technology', 'Northern Negros State College of Science and Technology', '2012', '2008', '', '2023-04-21 15:23:11', NULL),
	(27, 27, 'Bachelor of Library and Information Science', 'Northern Negros State College of Science and Technology', '2001', '1997', '', '2023-04-21 15:23:11', NULL),
	(28, 28, 'Bachelor of Technology and Livelihood Education Major in Home Economics', 'Northern Negros State College of Science and Technology', '2009', '2005', '', '2023-04-21 15:23:11', NULL),
	(29, 29, 'Bachelor of Technology and Livelihood Education Major in Industrial Arts', 'Northern Negros State College of Science and Technology', '2020', '2016', '', '2023-04-21 15:23:11', NULL),
	(30, 30, 'Master of Arts in Education major in Educational Management', 'Northern Negros State College of Science and Technology', '2016', '2012', '', '2023-04-21 15:23:11', NULL),
	(31, 31, 'Bachelor of Secondary Education Major in English', 'Northern Negros State College of Science and Technology', '2005', '2001', '', '2023-04-21 15:23:11', NULL),
	(32, 32, 'Bachelor of Technology and Livelihood Education Major in Information and Communications Technology', 'Northern Negros State College of Science and Technology', '2019', '2015', '', '2023-04-21 15:23:11', NULL),
	(33, 33, 'Bachelor of Secondary Education major in Technology and Livelihood Education', 'Northern Negros State College of Science and Technology', '2006', '2002', '', '2023-04-21 15:23:11', NULL),
	(34, 34, 'Bachelor of Technology and Livelihood Education Major in Industrial Arts', 'Northern Negros State College of Science and Technology', '2004', '2000', '', '2023-04-21 15:23:11', NULL),
	(35, 35, 'Bachelor of Public Administration', 'Northern Negros State College of Science and Technology', '2020', '2016', '', '2023-04-21 15:23:11', NULL),
	(36, 36, 'Master of Science in Fisheries', 'Northern Negros State College of Science and Technology', '2000', '1996', '', '2023-04-21 15:23:11', NULL),
	(37, 37, 'Diploma in Teaching', 'Northern Negros State College of Science and Technology', '2009', '2005', '', '2023-04-21 15:23:12', NULL),
	(38, 38, 'Bachelor of Science in Entertainment and Multimedia Computing major in Animation Technology', 'Northern Negros State College of Science and Technology', '2017', '2013', '', '2023-04-21 15:23:12', NULL),
	(39, 39, 'Bachelor of Science in Fisheries', 'Northern Negros State College of Science and Technology', '2016', '2012', '', '2023-04-21 15:23:12', NULL),
	(40, 40, 'Bachelor of Science in Fisheries', 'Northern Negros State College of Science and Technology', '2002', '1998', '', '2023-04-21 15:23:12', NULL),
	(41, 41, 'Bachelor of Secondary Education Major in Mathematics', 'Northern Negros State College of Science and Technology', '2008', '2004', '', '2023-04-21 15:23:12', NULL),
	(42, 42, 'Bachelor of Library and Information Science', 'Northern Negros State College of Science and Technology', '2013', '2009', '', '2023-04-21 15:23:12', NULL),
	(43, 43, 'Master of Science in Fisheries', 'Northern Negros State College of Science and Technology', '2000', '1996', '', '2023-04-21 15:23:12', NULL),
	(44, 44, 'Bachelor of Technology and Livelihood Education Major in Industrial Arts', 'Northern Negros State College of Science and Technology', '2016', '2012', '', '2023-04-21 15:23:12', NULL),
	(45, 45, 'Diploma in Teaching', 'Northern Negros State College of Science and Technology', '2004', '2000', '', '2023-04-21 15:23:12', NULL),
	(46, 46, 'Bachelor of Secondary Education major in Technology and Livelihood Education', 'Northern Negros State College of Science and Technology', '2012', '2008', '', '2023-04-21 15:23:12', NULL),
	(47, 47, 'Bachelor of Technology and Livelihood Education Major in Industrial Arts', 'Northern Negros State College of Science and Technology', '2007', '2003', '', '2023-04-21 15:23:12', NULL),
	(48, 48, 'Bachelor of Science in Information Technology', 'Northern Negros State College of Science and Technology', '2001', '1997', '', '2023-04-21 15:23:12', NULL),
	(49, 49, 'Master in Public Administration', 'Northern Negros State College of Science and Technology', '2018', '2014', '', '2023-04-21 15:23:12', NULL),
	(50, 50, 'Bachelor of Science in Information Technology', 'Northern Negros State College of Science and Technology', '2017', '2013', '', '2023-04-21 15:23:12', NULL),
	(51, 51, 'Bachelor of Science in Agriculture', 'Northern Negros State College of Science and Technology', '2007', '2003', '', '2023-04-21 15:23:12', NULL),
	(52, 52, 'Master in Public Administration', 'Northern Negros State College of Science and Technology', '2008', '2004', '', '2023-04-21 15:23:12', NULL),
	(53, 53, 'Bachelor of Science in Cooperative Management', 'Northern Negros State College of Science and Technology', '2005', '2001', '', '2023-04-21 15:23:12', NULL),
	(54, 54, 'Doctor of Public Administration', 'Northern Negros State College of Science and Technology', '2012', '2008', '', '2023-04-21 15:23:12', NULL),
	(55, 55, 'Bachelor of Science in Agriculture', 'Northern Negros State College of Science and Technology', '2023', '2019', '', '2023-04-21 15:23:12', NULL),
	(56, 56, 'Bachelor of Science in Information Systems', 'Northern Negros State College of Science and Technology', '2023', '2019', '', '2023-04-21 15:23:12', NULL),
	(57, 57, 'Bachelor of Science in Criminology', 'Northern Negros State College of Science and Technology', '2002', '1998', '', '2023-04-21 15:23:12', NULL),
	(58, 58, 'Master of Arts in Education major in Educational Management', 'Northern Negros State College of Science and Technology', '2015', '2011', '', '2023-04-21 15:23:12', NULL),
	(59, 59, 'Bachelor of Science in Accounting Information System', 'Northern Negros State College of Science and Technology', '2013', '2009', '', '2023-04-21 15:23:12', NULL),
	(60, 60, 'Bachelor of Science in Hospitality Management', 'Northern Negros State College of Science and Technology', '2014', '2010', '', '2023-04-21 15:23:12', NULL),
	(61, 61, 'Bachelor of Science in Entertainment and Multimedia Computing major in Animation Technology', 'Northern Negros State College of Science and Technology', '2020', '2016', '', '2023-04-21 15:23:12', NULL),
	(62, 62, 'Bachelor of Technology and Livelihood Education Major in Industrial Arts', 'Northern Negros State College of Science and Technology', '2013', '2009', '', '2023-04-21 15:23:12', NULL),
	(63, 63, 'Bachelor of Science in Information Systems', 'Northern Negros State College of Science and Technology', '2013', '2009', '', '2023-04-21 15:23:12', NULL),
	(64, 64, 'Bachelor of Secondary Education major in Technology and Livelihood Education', 'Northern Negros State College of Science and Technology', '2011', '2007', '', '2023-04-21 15:23:12', NULL),
	(65, 65, 'Bachelor in Secondary Education', 'Northern Negros State College of Science and Technology', '2013', '2009', '', '2023-04-21 15:23:12', NULL),
	(66, 66, 'Bachelor in Physical Education', 'Northern Negros State College of Science and Technology', '2020', '2016', '', '2023-04-21 15:23:12', NULL),
	(67, 67, 'Bachelor of Science in Agribusiness', 'Northern Negros State College of Science and Technology', '2009', '2005', '', '2023-04-21 15:23:12', NULL),
	(68, 68, 'Bachelor of Secondary Education Major in English', 'Northern Negros State College of Science and Technology', '2017', '2013', '', '2023-04-21 15:23:12', NULL),
	(69, 69, 'Master of Science in Agriculture', 'Northern Negros State College of Science and Technology', '2020', '2016', '', '2023-04-21 15:23:13', NULL),
	(70, 70, 'Bachelor in Secondary Education', 'Northern Negros State College of Science and Technology', '2020', '2016', '', '2023-04-21 15:23:13', NULL),
	(71, 71, 'Bachelor of Technology and Livelihood Education Major in Industrial Arts', 'Northern Negros State College of Science and Technology', '2022', '2018', '', '2023-04-21 15:23:13', NULL),
	(72, 72, 'Bachelor of Science in Cooperative Management', 'Northern Negros State College of Science and Technology', '2000', '1996', '', '2023-04-21 15:23:13', NULL),
	(73, 73, 'Bachelor of Technology and Livelihood Education Major in Industrial Arts', 'Northern Negros State College of Science and Technology', '2014', '2010', '', '2023-04-21 15:23:13', NULL),
	(74, 74, 'Bachelor of Technology and Livelihood Education Major in Home Economics', 'Northern Negros State College of Science and Technology', '2022', '2018', '', '2023-04-21 15:23:13', NULL),
	(75, 75, 'Bachelor of Science in Cooperative Management', 'Northern Negros State College of Science and Technology', '2020', '2016', '', '2023-04-21 15:23:13', NULL),
	(76, 76, 'Diploma in Teaching', 'Northern Negros State College of Science and Technology', '2003', '1999', '', '2023-04-21 15:23:13', NULL),
	(77, 77, 'Bachelor of Science in Accounting Information System', 'Northern Negros State College of Science and Technology', '2020', '2016', '', '2023-04-21 15:23:13', NULL),
	(78, 78, 'Doctor of Philosophy in Educational Management', 'Northern Negros State College of Science and Technology', '2009', '2005', '', '2023-04-21 15:23:13', NULL),
	(79, 79, 'Bachelor of Technology and Livelihood Education Major in Information and Communications Technology', 'Northern Negros State College of Science and Technology', '2018', '2014', '', '2023-04-21 15:23:13', NULL),
	(80, 80, 'Bachelor in Secondary Education', 'Northern Negros State College of Science and Technology', '2005', '2001', '', '2023-04-21 15:23:13', NULL),
	(81, 81, 'Bachelor of Science in Agribusiness', 'Northern Negros State College of Science and Technology', '2023', '2019', '', '2023-04-21 15:23:13', NULL),
	(82, 82, 'Bachelor of Technology and Livelihood Education Major in Information and Communications Technology', 'Northern Negros State College of Science and Technology', '2009', '2005', '', '2023-04-21 15:23:13', NULL),
	(83, 83, 'Doctor in Information Technology', 'Northern Negros State College of Science and Technology', '2021', '2017', '', '2023-04-21 15:23:13', NULL),
	(84, 84, 'Bachelor of Arts in English Language Studies', 'Northern Negros State College of Science and Technology', '2002', '1998', '', '2023-04-21 15:23:13', NULL),
	(85, 85, 'Bachelor of Secondary Education Major in Mathematics', 'Northern Negros State College of Science and Technology', '2023', '2019', '', '2023-04-21 15:23:13', NULL),
	(86, 86, 'Bachelor of Technology and Livelihood Education Major in Information and Communications Technology', 'Northern Negros State College of Science and Technology', '2012', '2008', '', '2023-04-21 15:23:13', NULL),
	(87, 87, 'Master of Science in Fisheries', 'Northern Negros State College of Science and Technology', '2015', '2011', '', '2023-04-21 15:23:13', NULL),
	(88, 88, 'Bachelor of Secondary Education Major in Mathematics', 'Northern Negros State College of Science and Technology', '2012', '2008', '', '2023-04-21 15:23:13', NULL),
	(89, 89, 'Bachelor of Technology and Livelihood Education Major in Industrial Arts', 'Northern Negros State College of Science and Technology', '2012', '2008', '', '2023-04-21 15:23:13', NULL),
	(90, 90, 'Bachelor of Science in Entertainment and Multimedia Computing major in Animation Technology', 'Northern Negros State College of Science and Technology', '2013', '2009', '', '2023-04-21 15:23:13', NULL),
	(91, 91, 'Bachelor of Science in Biology', 'Northern Negros State College of Science and Technology', '2006', '2002', '', '2023-04-21 15:23:13', NULL),
	(92, 92, 'Bachelor of Technology and Livelihood Education Major in Information and Communications Technology', 'Northern Negros State College of Science and Technology', '2003', '1999', '', '2023-04-21 15:23:13', NULL),
	(93, 93, 'Master of Arts in Education major in Educational Management', 'Northern Negros State College of Science and Technology', '2017', '2013', '', '2023-04-21 15:23:13', NULL),
	(94, 94, 'Diploma in Teaching', 'Northern Negros State College of Science and Technology', '2023', '2019', '', '2023-04-21 15:23:13', NULL),
	(95, 95, 'Bachelor of Science in Information Systems', 'Northern Negros State College of Science and Technology', '2016', '2012', '', '2023-04-21 15:23:13', NULL),
	(96, 96, 'Bachelor of Science in Information Technology', 'Northern Negros State College of Science and Technology', '2023', '2019', '', '2023-04-21 15:23:13', NULL),
	(97, 97, 'Bachelor of Science in Business Administration major in Marketing Management', 'Northern Negros State College of Science and Technology', '2022', '2018', '', '2023-04-21 15:23:13', NULL),
	(98, 98, 'Bachelor of Science in Entertainment and Multimedia Computing major in Animation Technology', 'Northern Negros State College of Science and Technology', '2014', '2010', '', '2023-04-21 15:23:13', NULL),
	(99, 99, 'Bachelor of Science in Entertainment and Multimedia Computing major in Animation Technology', 'Northern Negros State College of Science and Technology', '2004', '2000', '', '2023-04-21 15:23:13', NULL),
	(100, 100, 'Bachelor of Technology and Livelihood Education Major in Home Economics', 'Northern Negros State College of Science and Technology', '2017', '2013', '', '2023-04-21 15:23:13', NULL),
	(101, 101, 'Bachelor of Science in Information Technology', 'Northern Negros State College of Science and Technology', '2021', '2017', '', '2023-04-21 15:23:13', NULL),
	(102, 102, 'Bachelor of Technology and Livelihood Education Major in Industrial Arts', 'Northern Negros State College of Science and Technology', '2015', '2011', '', '2023-04-21 15:23:14', NULL),
	(103, 103, 'Bachelor of Science in Biology', 'Northern Negros State College of Science and Technology', '2018', '2014', '', '2023-04-21 15:23:14', NULL),
	(104, 104, 'Doctor of Philosophy in Technology Management', 'Northern Negros State College of Science and Technology', '2020', '2016', '', '2023-04-21 15:23:14', NULL),
	(105, 105, 'Bachelor in Secondary Education', 'Northern Negros State College of Science and Technology', '2006', '2002', '', '2023-04-21 15:23:14', NULL),
	(106, 106, 'Bachelor of Science in Information Systems', 'Northern Negros State College of Science and Technology', '2006', '2002', '', '2023-04-21 15:23:14', NULL),
	(107, 107, 'Bachelor of Science in Information Systems', 'Northern Negros State College of Science and Technology', '2003', '1999', '', '2023-04-21 15:23:14', NULL),
	(108, 108, 'Bachelor in Secondary Education', 'Northern Negros State College of Science and Technology', '2008', '2004', '', '2023-04-21 15:23:14', NULL),
	(109, 109, 'Bachelor in Secondary Education', 'Northern Negros State College of Science and Technology', '2022', '2018', '', '2023-04-21 15:23:14', NULL),
	(110, 110, 'Bachelor of Science in Tourism Management', 'Northern Negros State College of Science and Technology', '2007', '2003', '', '2023-04-21 15:23:14', NULL),
	(111, 111, 'Bachelor of Science in Nursing', 'Northern Negros State College of Science and Technology', '2018', '2014', '', '2023-04-21 15:23:14', NULL),
	(112, 112, 'Bachelor of Technology and Livelihood Education Major in Agri-Fishery Arts', 'Northern Negros State College of Science and Technology', '2004', '2000', '', '2023-04-21 15:23:14', NULL),
	(113, 113, 'Master of Arts in Education major in Educational Management', 'Northern Negros State College of Science and Technology', '2020', '2016', '', '2023-04-21 15:23:14', NULL),
	(114, 114, 'Bachelor of Science in Information Systems', 'Northern Negros State College of Science and Technology', '2018', '2014', '', '2023-04-21 15:23:14', NULL),
	(115, 115, 'Doctor in Information Technology', 'Northern Negros State College of Science and Technology', '2002', '1998', '', '2023-04-21 15:23:14', NULL),
	(116, 116, 'Doctor of Public Administration', 'Northern Negros State College of Science and Technology', '2001', '1997', '', '2023-04-21 15:23:14', NULL),
	(117, 117, 'Bachelor of Technology and Livelihood Education Major in Industrial Arts', 'Northern Negros State College of Science and Technology', '2002', '1998', '', '2023-04-21 15:23:14', NULL),
	(118, 118, 'Bachelor of Science in Fisheries', 'Northern Negros State College of Science and Technology', '2023', '2019', '', '2023-04-21 15:23:14', NULL),
	(119, 119, 'Bachelor of Science in Criminology', 'Northern Negros State College of Science and Technology', '2007', '2003', '', '2023-04-21 15:23:14', NULL),
	(120, 120, 'Bachelor in Secondary Education', 'Northern Negros State College of Science and Technology', '2005', '2001', '', '2023-04-21 15:23:14', NULL),
	(121, 121, 'Bachelor of Science in Criminology', 'Northern Negros State College of Science and Technology', '2013', '2009', '', '2023-04-21 15:23:14', NULL),
	(122, 122, 'Bachelor of Science in Information Systems', 'Northern Negros State College of Science and Technology', '2014', '2010', '', '2023-04-21 15:23:14', NULL),
	(123, 123, 'Doctor in Information Technology', 'Northern Negros State College of Science and Technology', '2009', '2005', '', '2023-04-21 15:23:14', NULL),
	(124, 124, 'Doctor of Philosophy in Educational Management', 'Northern Negros State College of Science and Technology', '2000', '1996', '', '2023-04-21 15:23:14', NULL),
	(125, 125, 'Bachelor of Science in Hospitality Management', 'Northern Negros State College of Science and Technology', '2004', '2000', '', '2023-04-21 15:23:14', NULL),
	(126, 126, 'Bachelor of Secondary Education Major in Mathematics', 'Northern Negros State College of Science and Technology', '2017', '2013', '', '2023-04-21 15:23:14', NULL),
	(127, 127, 'Diploma in Teaching', 'Northern Negros State College of Science and Technology', '2013', '2009', '', '2023-04-21 15:23:14', NULL),
	(128, 128, 'Bachelor of Science in Hospitality Management', 'Northern Negros State College of Science and Technology', '2006', '2002', '', '2023-04-21 15:23:14', NULL),
	(129, 129, 'Doctor in Information Technology', 'Northern Negros State College of Science and Technology', '2004', '2000', '', '2023-04-21 15:23:14', NULL),
	(130, 130, 'Bachelor of Secondary Education major in Technology and Livelihood Education', 'Northern Negros State College of Science and Technology', '2017', '2013', '', '2023-04-21 15:23:14', NULL),
	(131, 131, 'Bachelor of Science in Accounting Information System', 'Northern Negros State College of Science and Technology', '2016', '2012', '', '2023-04-21 15:23:14', NULL),
	(132, 132, 'Bachelor of Technology and Livelihood Education Major in Information and Communications Technology', 'Northern Negros State College of Science and Technology', '2003', '1999', '', '2023-04-21 15:23:14', NULL),
	(133, 133, 'Bachelor of Public Administration', 'Northern Negros State College of Science and Technology', '2021', '2017', '', '2023-04-21 15:23:15', NULL),
	(134, 134, 'Bachelor of Science in Accounting Information System', 'Northern Negros State College of Science and Technology', '2017', '2013', '', '2023-04-21 15:23:15', NULL),
	(135, 135, 'Doctor of Philosophy in Educational Management', 'Northern Negros State College of Science and Technology', '2013', '2009', '', '2023-04-21 15:23:15', NULL),
	(136, 136, 'Bachelor of Science in Business Administration major in Financial Management', 'Northern Negros State College of Science and Technology', '2017', '2013', '', '2023-04-21 15:23:15', NULL),
	(137, 137, 'Bachelor of Technology and Livelihood Education Major in Agri-Fishery Arts', 'Northern Negros State College of Science and Technology', '2023', '2019', '', '2023-04-21 15:23:15', NULL),
	(138, 138, 'Master of Science in Agriculture', 'Northern Negros State College of Science and Technology', '2006', '2002', '', '2023-04-21 15:23:15', NULL),
	(139, 139, 'Diploma in Midwifery', 'Northern Negros State College of Science and Technology', '2006', '2002', '', '2023-04-21 15:23:15', NULL),
	(140, 140, 'Doctor in Information Technology', 'Northern Negros State College of Science and Technology', '2004', '2000', '', '2023-04-21 15:23:15', NULL),
	(141, 141, 'Bachelor of Science in Business Administration major in Marketing Management', 'Northern Negros State College of Science and Technology', '2000', '1996', '', '2023-04-21 15:23:15', NULL),
	(142, 142, 'Bachelor of Public Administration', 'Northern Negros State College of Science and Technology', '2002', '1998', '', '2023-04-21 15:23:15', NULL),
	(143, 143, 'Bachelor of Secondary Education Major in English', 'Northern Negros State College of Science and Technology', '2020', '2016', '', '2023-04-21 15:23:15', NULL),
	(144, 144, 'Bachelor of Science in Criminology', 'Northern Negros State College of Science and Technology', '2011', '2007', '', '2023-04-21 15:23:15', NULL),
	(145, 145, 'Doctor in Information Technology', 'Northern Negros State College of Science and Technology', '2017', '2013', '', '2023-04-21 15:23:15', NULL),
	(146, 146, 'Master of Science in Agriculture', 'Northern Negros State College of Science and Technology', '2023', '2019', '', '2023-04-21 15:23:15', NULL),
	(147, 147, 'Bachelor of Technology and Livelihood Education Major in Industrial Arts', 'Northern Negros State College of Science and Technology', '2001', '1997', '', '2023-04-21 15:23:15', NULL),
	(148, 148, 'Bachelor of Technology and Livelihood Education Major in Agri-Fishery Arts', 'Northern Negros State College of Science and Technology', '2019', '2015', '', '2023-04-21 15:23:15', NULL),
	(149, 149, 'Bachelor of Science in Information Systems', 'Northern Negros State College of Science and Technology', '2010', '2006', '', '2023-04-21 15:23:15', NULL),
	(150, 150, 'Bachelor of Science in Business Administration major in Marketing Management', 'Northern Negros State College of Science and Technology', '2005', '2001', '', '2023-04-21 15:23:15', NULL),
	(151, 151, 'Diploma in Teaching', 'Northern Negros State College of Science and Technology', '2012', '2008', '', '2023-04-21 15:23:15', NULL),
	(152, 152, 'Bachelor of Public Administration', 'Northern Negros State College of Science and Technology', '2004', '2000', '', '2023-04-21 15:23:15', NULL),
	(153, 153, 'Bachelor of Technology and Livelihood Education Major in Information and Communications Technology', 'Northern Negros State College of Science and Technology', '2021', '2017', '', '2023-04-21 15:23:15', NULL),
	(154, 154, 'Doctor of Public Administration', 'Northern Negros State College of Science and Technology', '2005', '2001', '', '2023-04-21 15:23:15', NULL),
	(155, 155, 'Bachelor of Technology and Livelihood Education Major in Industrial Arts', 'Northern Negros State College of Science and Technology', '2009', '2005', '', '2023-04-21 15:23:15', NULL),
	(156, 156, 'Bachelor of Science in Biology', 'Northern Negros State College of Science and Technology', '2009', '2005', '', '2023-04-21 15:23:15', NULL),
	(157, 157, 'Master of Science in Agriculture', 'Northern Negros State College of Science and Technology', '2001', '1997', '', '2023-04-21 15:23:15', NULL),
	(158, 158, 'Bachelor of Library and Information Science', 'Northern Negros State College of Science and Technology', '2016', '2012', '', '2023-04-21 15:23:15', NULL),
	(159, 159, 'Master of Science in Agriculture', 'Northern Negros State College of Science and Technology', '2007', '2003', '', '2023-04-21 15:23:15', NULL),
	(160, 160, 'Master of Science in Agriculture', 'Northern Negros State College of Science and Technology', '2020', '2016', '', '2023-04-21 15:23:15', NULL),
	(161, 161, 'Bachelor of Science in Accounting Information System', 'Northern Negros State College of Science and Technology', '2015', '2011', '', '2023-04-21 15:23:15', NULL),
	(162, 162, 'Master of Science in Fisheries', 'Northern Negros State College of Science and Technology', '2019', '2015', '', '2023-04-21 15:23:15', NULL),
	(163, 163, 'Bachelor of Science in Biology', 'Northern Negros State College of Science and Technology', '2017', '2013', '', '2023-04-21 15:23:15', NULL),
	(164, 164, 'Bachelor of Science in Business Administration major in Financial Management', 'Northern Negros State College of Science and Technology', '2022', '2018', '', '2023-04-21 15:23:16', NULL),
	(165, 165, 'Bachelor of Science in Agriculture', 'Northern Negros State College of Science and Technology', '2017', '2013', '', '2023-04-21 15:23:16', NULL),
	(166, 166, 'Bachelor of Technology and Livelihood Education Major in Industrial Arts', 'Northern Negros State College of Science and Technology', '2020', '2016', '', '2023-04-21 15:23:16', NULL),
	(167, 167, 'Bachelor of Science in Criminology', 'Northern Negros State College of Science and Technology', '2009', '2005', '', '2023-04-21 15:23:16', NULL),
	(168, 168, 'Bachelor of Technology and Livelihood Education Major in Information and Communications Technology', 'Northern Negros State College of Science and Technology', '2001', '1997', '', '2023-04-21 15:23:16', NULL),
	(169, 169, 'Bachelor of Science in Biology', 'Northern Negros State College of Science and Technology', '2001', '1997', '', '2023-04-21 15:23:16', NULL),
	(170, 170, 'Bachelor of Technology and Livelihood Education Major in Agri-Fishery Arts', 'Northern Negros State College of Science and Technology', '2014', '2010', '', '2023-04-21 15:23:16', NULL),
	(171, 171, 'Bachelor of Technology and Livelihood Education Major in Information and Communications Technology', 'Northern Negros State College of Science and Technology', '2000', '1996', '', '2023-04-21 15:23:16', NULL),
	(172, 172, 'Bachelor of Science in Business Administration major in Financial Management', 'Northern Negros State College of Science and Technology', '2015', '2011', '', '2023-04-21 15:23:16', NULL),
	(173, 173, 'Doctor of Philosophy in Technology Management', 'Northern Negros State College of Science and Technology', '2009', '2005', '', '2023-04-21 15:23:16', NULL),
	(174, 174, 'Master in Nursing major in Nursing Management and Administration', 'Northern Negros State College of Science and Technology', '2023', '2019', '', '2023-04-21 15:23:16', NULL),
	(175, 175, 'Bachelor of Arts in English Language Studies', 'Northern Negros State College of Science and Technology', '2009', '2005', '', '2023-04-21 15:23:16', NULL),
	(176, 176, 'Bachelor of Public Administration', 'Northern Negros State College of Science and Technology', '2002', '1998', '', '2023-04-21 15:23:16', NULL),
	(177, 177, 'Diploma in Midwifery', 'Northern Negros State College of Science and Technology', '2007', '2003', '', '2023-04-21 15:23:16', NULL),
	(178, 178, 'Bachelor of Secondary Education Major in English', 'Northern Negros State College of Science and Technology', '2015', '2011', '', '2023-04-21 15:23:16', NULL),
	(179, 179, 'Master in Information Technology', 'Northern Negros State College of Science and Technology', '2023', '2019', '', '2023-04-21 15:23:16', NULL),
	(180, 180, 'Bachelor in Physical Education', 'Northern Negros State College of Science and Technology', '2016', '2012', '', '2023-04-21 15:23:16', NULL),
	(181, 181, 'Bachelor of Arts in English Language Studies', 'Northern Negros State College of Science and Technology', '2020', '2016', '', '2023-04-21 15:23:16', NULL),
	(182, 182, 'Bachelor in Secondary Education', 'Northern Negros State College of Science and Technology', '2006', '2002', '', '2023-04-21 15:23:16', NULL),
	(183, 183, 'Doctor of Philosophy in Technology Management', 'Northern Negros State College of Science and Technology', '2018', '2014', '', '2023-04-21 15:23:16', NULL),
	(184, 184, 'Master of Science in Agriculture', 'Northern Negros State College of Science and Technology', '2016', '2012', '', '2023-04-21 15:23:16', NULL),
	(185, 185, 'Master in Public Administration', 'Northern Negros State College of Science and Technology', '2004', '2000', '', '2023-04-21 15:23:16', NULL),
	(186, 186, 'Bachelor of Technology and Livelihood Education Major in Industrial Arts', 'Northern Negros State College of Science and Technology', '2014', '2010', '', '2023-04-21 15:23:16', NULL),
	(187, 187, 'Bachelor of Science in Agriculture', 'Northern Negros State College of Science and Technology', '2021', '2017', '', '2023-04-21 15:23:16', NULL),
	(188, 188, 'Master of Arts in Education major in Educational Management', 'Northern Negros State College of Science and Technology', '2021', '2017', '', '2023-04-21 15:23:16', NULL),
	(189, 189, 'Master of Science in Agriculture', 'Northern Negros State College of Science and Technology', '2011', '2007', '', '2023-04-21 15:23:16', NULL),
	(190, 190, 'Bachelor in Secondary Education', 'Northern Negros State College of Science and Technology', '2001', '1997', '', '2023-04-21 15:23:16', NULL),
	(191, 191, 'Bachelor in Physical Education', 'Northern Negros State College of Science and Technology', '2009', '2005', '', '2023-04-21 15:23:16', NULL),
	(192, 192, 'Diploma in Midwifery', 'Northern Negros State College of Science and Technology', '2011', '2007', '', '2023-04-21 15:23:16', NULL),
	(193, 193, 'Diploma in Midwifery', 'Northern Negros State College of Science and Technology', '2009', '2005', '', '2023-04-21 15:23:16', NULL),
	(194, 194, 'Bachelor of Secondary Education Major in Mathematics', 'Northern Negros State College of Science and Technology', '2023', '2019', '', '2023-04-21 15:23:16', NULL),
	(195, 195, 'Bachelor of Technology and Livelihood Education Major in Agri-Fishery Arts', 'Northern Negros State College of Science and Technology', '2005', '2001', '', '2023-04-21 15:23:17', NULL),
	(196, 196, 'Bachelor of Secondary Education Major in Science', 'Northern Negros State College of Science and Technology', '2019', '2015', '', '2023-04-21 15:23:17', NULL),
	(197, 197, 'Master of Arts in Education major in Educational Management', 'Northern Negros State College of Science and Technology', '2006', '2002', '', '2023-04-21 15:23:17', NULL);

-- Dumping structure for table almai_db.tbl_alumni_job_preferences
CREATE TABLE IF NOT EXISTS `tbl_alumni_job_preferences` (
  `preference_id` int(11) NOT NULL AUTO_INCREMENT,
  `alumni_id` int(11) NOT NULL,
  `job_title` varchar(50) DEFAULT '',
  `job_description` text,
  `job_type_id` int(11) NOT NULL,
  `job_sched_id` int(11) NOT NULL,
  `salary_details` varchar(255) DEFAULT '',
  `created_at` datetime NOT NULL DEFAULT CURRENT_TIMESTAMP,
  `updated_at` datetime NOT NULL DEFAULT '0000-00-00 00:00:00' ON UPDATE CURRENT_TIMESTAMP,
  PRIMARY KEY (`preference_id`)
) ENGINE=InnoDB DEFAULT CHARSET=latin1;

-- Dumping data for table almai_db.tbl_alumni_job_preferences: ~0 rows (approximately)

-- Dumping structure for table almai_db.tbl_alumni_skills
CREATE TABLE IF NOT EXISTS `tbl_alumni_skills` (
  `as_id` int(11) NOT NULL AUTO_INCREMENT,
  `alumni_id` int(11) NOT NULL DEFAULT '0',
  `skill_id` int(11) NOT NULL DEFAULT '0',
  `skill_rate` int(1) NOT NULL DEFAULT '0',
  `created_at` datetime NOT NULL DEFAULT CURRENT_TIMESTAMP,
  `updated_at` datetime NOT NULL DEFAULT '0000-00-00 00:00:00' ON UPDATE CURRENT_TIMESTAMP,
  PRIMARY KEY (`as_id`)
) ENGINE=InnoDB DEFAULT CHARSET=latin1;

-- Dumping data for table almai_db.tbl_alumni_skills: ~0 rows (approximately)

-- Dumping structure for table almai_db.tbl_alumni_skills_category
CREATE TABLE IF NOT EXISTS `tbl_alumni_skills_category` (
  `asc_id` int(11) NOT NULL AUTO_INCREMENT,
  `alumni_id` int(11) NOT NULL DEFAULT '0',
  `sc_id` int(11) NOT NULL DEFAULT '0',
  `description` text,
  `created_at` datetime NOT NULL DEFAULT CURRENT_TIMESTAMP,
  `updated_at` datetime NOT NULL DEFAULT '0000-00-00 00:00:00' ON UPDATE CURRENT_TIMESTAMP,
  PRIMARY KEY (`asc_id`)
) ENGINE=InnoDB DEFAULT CHARSET=latin1;

-- Dumping data for table almai_db.tbl_alumni_skills_category: ~0 rows (approximately)

-- Dumping structure for table almai_db.tbl_colleges
CREATE TABLE IF NOT EXISTS `tbl_colleges` (
  `college_id` int(11) NOT NULL AUTO_INCREMENT,
  `college_name` varchar(150) NOT NULL DEFAULT '0',
  `college_status` int(1) NOT NULL DEFAULT '0',
  `created_at` datetime NOT NULL DEFAULT CURRENT_TIMESTAMP,
  `updated_at` datetime NOT NULL DEFAULT '0000-00-00 00:00:00' ON UPDATE CURRENT_TIMESTAMP,
  PRIMARY KEY (`college_id`)
) ENGINE=InnoDB AUTO_INCREMENT=9 DEFAULT CHARSET=latin1;

-- Dumping data for table almai_db.tbl_colleges: ~8 rows (approximately)
INSERT INTO `tbl_colleges` (`college_id`, `college_name`, `college_status`, `created_at`, `updated_at`) VALUES
	(1, 'College Of Agriculture, Fisheries, And Allied Sciences', 1, '2023-04-07 10:58:07', '2023-04-13 11:27:08'),
	(2, 'College Of Arts and Sciences', 1, '2023-04-07 11:11:31', '2023-04-13 11:27:02'),
	(3, 'College Of Business And Management', 1, '2023-04-13 11:26:57', '2023-04-13 11:28:23'),
	(4, 'College Of Criminal Justice Education', 1, '2023-04-13 11:26:57', '2023-04-13 11:28:25'),
	(5, 'College Of  Education', 1, '2023-04-13 11:26:57', '2023-04-13 11:28:41'),
	(6, 'College Of  Information And Communications Technology And Engineering', 1, '2023-04-13 11:26:57', '2023-04-13 11:28:27'),
	(7, 'College Of  Nursing And Allied Health Sciences', 1, '2023-04-13 11:26:57', '2023-04-13 11:28:27'),
	(8, 'Graduate School', 1, '2023-04-13 11:26:57', '2023-04-13 11:28:27');

-- Dumping structure for table almai_db.tbl_courses
CREATE TABLE IF NOT EXISTS `tbl_courses` (
  `course_id` int(11) NOT NULL AUTO_INCREMENT,
  `college_id` int(11) NOT NULL DEFAULT '0',
  `course_code` varchar(15) DEFAULT NULL,
  `course_name` varchar(150) NOT NULL DEFAULT '0',
  `course_category` varchar(50) DEFAULT NULL,
  `course_status` int(1) NOT NULL DEFAULT '0',
  `created_at` datetime NOT NULL DEFAULT CURRENT_TIMESTAMP,
  `updated_at` datetime NOT NULL,
  PRIMARY KEY (`course_id`)
) ENGINE=InnoDB AUTO_INCREMENT=41 DEFAULT CHARSET=latin1;

-- Dumping data for table almai_db.tbl_courses: ~40 rows (approximately)
INSERT INTO `tbl_courses` (`course_id`, `college_id`, `course_code`, `course_name`, `course_category`, `course_status`, `created_at`, `updated_at`) VALUES
	(1, 1, 'BSA', 'Bachelor of Science in Agribusiness', 'Undergraduate', 1, '2023-03-16 23:16:33', '0000-00-00 00:00:00'),
	(2, 1, 'BSA', 'Bachelor of Science in Agriculture', 'Undergraduate', 1, '2023-03-16 23:16:33', '0000-00-00 00:00:00'),
	(3, 1, 'BSF', 'Bachelor of Science in Fisheries', 'Undergraduate', 1, '2023-03-16 23:16:33', '0000-00-00 00:00:00'),
	(4, 2, 'BALS', 'Bachelor of Arts in English Language Studies', 'Undergraduate', 1, '2023-03-16 23:16:33', '0000-00-00 00:00:00'),
	(5, 2, 'BSBio', 'Bachelor of Science in Biology', 'Undergraduate', 1, '2023-03-16 23:16:33', '0000-00-00 00:00:00'),
	(6, 3, 'BPA', 'Bachelor of Public Administration', 'Undergraduate', 1, '2023-03-16 23:16:33', '0000-00-00 00:00:00'),
	(7, 3, 'BSAIS', 'Bachelor of Science in Accounting Information System', 'Undergraduate', 1, '2023-03-16 23:16:33', '0000-00-00 00:00:00'),
	(8, 3, 'BSBA-FM', 'Bachelor of Science in Business Administration major in Financial Management', 'Undergraduate', 1, '2023-03-16 23:16:33', '0000-00-00 00:00:00'),
	(9, 3, 'BSBA-MM', 'Bachelor of Science in Business Administration major in Marketing Management', 'Undergraduate', 1, '2023-03-16 23:16:33', '0000-00-00 00:00:00'),
	(10, 3, 'BSCM', 'Bachelor of Science in Cooperative Management', 'Undergraduate', 1, '2023-03-16 23:16:33', '0000-00-00 00:00:00'),
	(11, 3, 'BSHM', 'Bachelor of Science in Hospitality Management', 'Undergraduate', 1, '2023-03-16 23:16:33', '0000-00-00 00:00:00'),
	(12, 3, 'BSTM', 'Bachelor of Science in Tourism Management', 'Undergraduate', 1, '2023-03-16 23:16:33', '0000-00-00 00:00:00'),
	(13, 4, 'BSCrim', 'Bachelor of Science in Criminology', 'Undergraduate', 1, '2023-03-16 23:16:33', '0000-00-00 00:00:00'),
	(14, 5, 'BPE', 'Bachelor in Physical Education', 'Undergraduate', 1, '2023-03-16 23:16:33', '0000-00-00 00:00:00'),
	(15, 5, 'BSE', 'Bachelor in Secondary Education', 'Undergraduate', 1, '2023-03-16 23:16:33', '0000-00-00 00:00:00'),
	(16, 5, 'BSED-English', 'Bachelor of Secondary Education Major in English', 'Undergraduate', 1, '2023-03-16 23:16:33', '0000-00-00 00:00:00'),
	(17, 5, 'BSED-Mathematic', 'Bachelor of Secondary Education Major in Mathematics', 'Undergraduate', 1, '2023-03-16 23:16:33', '0000-00-00 00:00:00'),
	(18, 5, 'BSED-Science', 'Bachelor of Secondary Education Major in Science', 'Undergraduate', 1, '2023-03-16 23:16:33', '0000-00-00 00:00:00'),
	(19, 5, 'BSED-TLE', 'Bachelor of Secondary Education major in Technology and Livelihood Education', 'Undergraduate', 1, '2023-03-16 23:16:33', '0000-00-00 00:00:00'),
	(20, 5, NULL, 'Bachelor of Technology and Livelihood Education Major in Agri-Fishery Arts', 'Undergraduate', 1, '2023-03-16 23:16:33', '0000-00-00 00:00:00'),
	(21, 5, NULL, 'Bachelor of Technology and Livelihood Education Major in Home Economics', 'Undergraduate', 1, '2023-03-16 23:16:33', '0000-00-00 00:00:00'),
	(22, 5, NULL, 'Bachelor of Technology and Livelihood Education Major in Industrial Arts', 'Undergraduate', 1, '2023-03-16 23:16:33', '0000-00-00 00:00:00'),
	(23, 5, NULL, 'Bachelor of Technology and Livelihood Education Major in Information and Communications Technology', 'Undergraduate', 1, '2023-03-16 23:16:33', '0000-00-00 00:00:00'),
	(24, 5, NULL, 'Diploma in Teaching', 'Short-Course', 1, '2023-03-16 23:16:33', '0000-00-00 00:00:00'),
	(25, 6, NULL, 'Bachelor of Library and Information Science', 'Undergraduate', 1, '2023-03-16 23:16:33', '0000-00-00 00:00:00'),
	(26, 6, NULL, 'Bachelor of Science in Entertainment and Multimedia Computing major in Animation Technology', 'Undergraduate', 1, '2023-03-16 23:16:33', '0000-00-00 00:00:00'),
	(27, 6, NULL, 'Bachelor of Science in Information Systems', 'Undergraduate', 1, '2023-03-16 23:16:33', '0000-00-00 00:00:00'),
	(28, 6, NULL, 'Bachelor of Science in Information Technology', 'Undergraduate', 1, '2023-03-16 23:16:33', '0000-00-00 00:00:00'),
	(29, 7, NULL, 'Bachelor of Science in Nursing', 'Undergraduate', 1, '2023-03-16 23:16:33', '0000-00-00 00:00:00'),
	(30, 7, NULL, 'Diploma in Midwifery', 'Short-Course', 1, '2023-03-16 23:16:33', '0000-00-00 00:00:00'),
	(31, 8, NULL, 'Doctor in Information Technology', 'Graduate', 1, '2023-03-16 23:16:33', '0000-00-00 00:00:00'),
	(32, 8, NULL, 'Doctor of Philosophy in Educational Management', 'Graduate', 1, '2023-03-16 23:16:33', '0000-00-00 00:00:00'),
	(33, 8, NULL, 'Doctor of Philosophy in Technology Management', 'Graduate', 1, '2023-03-16 23:16:33', '0000-00-00 00:00:00'),
	(34, 8, NULL, 'Doctor of Public Administration', 'Graduate', 1, '2023-03-16 23:16:33', '0000-00-00 00:00:00'),
	(35, 8, 'MIT', 'Master in Information Technology', 'Graduate', 1, '2023-03-16 23:16:33', '0000-00-00 00:00:00'),
	(36, 8, NULL, 'Master in Nursing major in Nursing Management and Administration', 'Graduate', 1, '2023-03-16 23:16:33', '0000-00-00 00:00:00'),
	(37, 8, NULL, 'Master in Public Administration', 'Graduate', 1, '2023-03-16 23:16:33', '0000-00-00 00:00:00'),
	(38, 8, NULL, 'Master of Arts in Education major in Educational Management', 'Graduate', 1, '2023-03-16 23:16:33', '0000-00-00 00:00:00'),
	(39, 8, NULL, 'Master of Science in Agriculture', 'Graduate', 1, '2023-03-16 23:16:33', '0000-00-00 00:00:00'),
	(40, 8, NULL, 'Master of Science in Fisheries', 'Graduate', 1, '2023-03-16 23:16:33', '0000-00-00 00:00:00');

-- Dumping structure for table almai_db.tbl_employers
CREATE TABLE IF NOT EXISTS `tbl_employers` (
  `employer_id` int(11) NOT NULL AUTO_INCREMENT,
  `user_id` int(11) NOT NULL DEFAULT '0',
  `industry_id` int(11) NOT NULL DEFAULT '0',
  `sub_industry_id` int(11) NOT NULL DEFAULT '0',
  `employer_name` varchar(255) DEFAULT NULL,
  `company_name` varchar(255) DEFAULT NULL,
  `company_contact` varchar(255) DEFAULT NULL,
  `company_address` varchar(255) DEFAULT NULL,
  `company_description` text,
  `employees_number` varchar(10) DEFAULT NULL,
  `created_at` datetime NOT NULL DEFAULT CURRENT_TIMESTAMP,
  `updated_at` datetime NOT NULL DEFAULT '0000-00-00 00:00:00' ON UPDATE CURRENT_TIMESTAMP,
  PRIMARY KEY (`employer_id`)
) ENGINE=InnoDB DEFAULT CHARSET=latin1;

-- Dumping data for table almai_db.tbl_employers: ~0 rows (approximately)

-- Dumping structure for table almai_db.tbl_industries
CREATE TABLE IF NOT EXISTS `tbl_industries` (
  `industry_id` int(11) NOT NULL AUTO_INCREMENT,
  `industry_name` varchar(150) DEFAULT NULL,
  `industry_status` int(1) NOT NULL DEFAULT '0',
  `created_at` datetime NOT NULL DEFAULT CURRENT_TIMESTAMP,
  `updated_at` datetime NOT NULL DEFAULT '0000-00-00 00:00:00' ON UPDATE CURRENT_TIMESTAMP,
  PRIMARY KEY (`industry_id`)
) ENGINE=InnoDB AUTO_INCREMENT=26 DEFAULT CHARSET=latin1;

-- Dumping data for table almai_db.tbl_industries: ~25 rows (approximately)
INSERT INTO `tbl_industries` (`industry_id`, `industry_name`, `industry_status`, `created_at`, `updated_at`) VALUES
	(1, 'Aerospace & Defense', 0, '2023-04-11 09:44:02', '0000-00-00 00:00:00'),
	(2, 'Agriculture', 1, '2023-04-11 09:44:02', '2023-04-21 08:08:44'),
	(3, 'Arts, Entertainment & Recreation', 0, '2023-04-11 09:44:02', '0000-00-00 00:00:00'),
	(4, 'Construction, Repair & Maintenance Services', 0, '2023-04-11 09:44:02', '0000-00-00 00:00:00'),
	(5, 'Education', 1, '2023-04-11 09:44:02', '2023-04-21 08:08:50'),
	(6, 'Energy, Mining & Utilities', 0, '2023-04-11 09:44:02', '0000-00-00 00:00:00'),
	(7, 'Financial Services', 1, '2023-04-11 09:44:02', '2023-04-21 08:09:12'),
	(8, 'Government & Public Administration', 1, '2023-04-11 09:44:02', '2023-04-21 08:09:14'),
	(9, 'Healthcare', 1, '2023-04-11 09:44:02', '2023-04-21 08:09:15'),
	(10, 'Hotels & Travel Accommodation', 1, '2023-04-11 09:44:02', '2023-04-21 08:09:17'),
	(11, 'Human Resources & Staffing', 1, '2023-04-11 09:44:02', '2023-04-21 08:09:19'),
	(12, 'Information Technology', 1, '2023-04-11 09:44:02', '2023-04-21 08:09:20'),
	(13, 'Insurance', 0, '2023-04-11 09:44:02', '2023-04-11 09:52:29'),
	(14, 'Legal', 0, '2023-04-11 09:44:02', '2023-04-11 09:52:29'),
	(15, 'Management & Consulting', 0, '2023-04-11 09:44:02', '2023-04-11 09:52:29'),
	(16, 'Manufacturing', 1, '2023-04-11 09:44:02', '2023-04-21 08:09:27'),
	(17, 'Media & Communication', 0, '2023-04-11 09:44:02', '2023-04-11 09:52:29'),
	(18, 'Nonprofit & NGO', 0, '2023-04-11 09:44:02', '2023-04-11 09:52:29'),
	(19, 'Personal Consumer Services', 0, '2023-04-11 09:44:02', '2023-04-11 09:52:29'),
	(20, 'Pharmaceutical & Biotechnology', 1, '2023-04-11 09:44:02', '2023-04-21 08:09:37'),
	(21, 'Real Estate', 0, '2023-04-11 09:44:02', '2023-04-11 09:52:29'),
	(22, 'Restaurants & Food Service', 0, '2023-04-11 09:44:02', '2023-04-11 09:52:29'),
	(23, 'Retail & Wholesale', 0, '2023-04-11 09:44:02', '2023-04-11 09:52:29'),
	(24, 'Telecommunications', 1, '2023-04-11 09:44:02', '2023-04-21 08:10:14'),
	(25, 'Transportation & Logistics', 1, '2023-04-11 09:44:02', '2023-04-21 08:10:12');

-- Dumping structure for table almai_db.tbl_jobs
CREATE TABLE IF NOT EXISTS `tbl_jobs` (
  `job_id` int(11) NOT NULL AUTO_INCREMENT,
  `employer_id` int(11) DEFAULT '0',
  `industry_id` int(11) DEFAULT '0',
  `job_title` varchar(250) DEFAULT NULL,
  `job_description` text,
  `job_type_id` int(11) NOT NULL DEFAULT '0',
  `job_sched_id` int(11) NOT NULL DEFAULT '0',
  `hire_needed` int(11) NOT NULL DEFAULT '0',
  `expected_hire_date` varchar(50) DEFAULT NULL,
  `salary_details` varchar(150) DEFAULT NULL,
  `created_at` datetime NOT NULL DEFAULT CURRENT_TIMESTAMP,
  `updated_at` datetime NOT NULL DEFAULT '0000-00-00 00:00:00' ON UPDATE CURRENT_TIMESTAMP,
  PRIMARY KEY (`job_id`)
) ENGINE=InnoDB DEFAULT CHARSET=latin1;

-- Dumping data for table almai_db.tbl_jobs: ~0 rows (approximately)

-- Dumping structure for table almai_db.tbl_job_candidates
CREATE TABLE IF NOT EXISTS `tbl_job_candidates` (
  `candidate_id` int(11) NOT NULL AUTO_INCREMENT,
  `alumni_id` int(11) NOT NULL DEFAULT '0',
  `job_id` int(11) NOT NULL DEFAULT '0',
  `employer_id` int(11) NOT NULL DEFAULT '0',
  `candidate_status` int(1) NOT NULL DEFAULT '0' COMMENT '-1 = Apply',
  `rating` decimal(12,2) NOT NULL DEFAULT '0.00',
  `created_at` datetime NOT NULL DEFAULT CURRENT_TIMESTAMP,
  `updated_at` datetime NOT NULL DEFAULT '0000-00-00 00:00:00' ON UPDATE CURRENT_TIMESTAMP,
  PRIMARY KEY (`candidate_id`)
) ENGINE=InnoDB DEFAULT CHARSET=latin1;

-- Dumping data for table almai_db.tbl_job_candidates: ~0 rows (approximately)

-- Dumping structure for table almai_db.tbl_job_schedules
CREATE TABLE IF NOT EXISTS `tbl_job_schedules` (
  `job_sched_id` int(11) NOT NULL AUTO_INCREMENT,
  `sched_name` varchar(150) NOT NULL DEFAULT '0',
  `created_at` datetime NOT NULL DEFAULT CURRENT_TIMESTAMP,
  `updated_at` datetime NOT NULL DEFAULT '0000-00-00 00:00:00' ON UPDATE CURRENT_TIMESTAMP,
  PRIMARY KEY (`job_sched_id`)
) ENGINE=InnoDB AUTO_INCREMENT=9 DEFAULT CHARSET=latin1;

-- Dumping data for table almai_db.tbl_job_schedules: ~8 rows (approximately)
INSERT INTO `tbl_job_schedules` (`job_sched_id`, `sched_name`, `created_at`, `updated_at`) VALUES
	(1, 'Flextime', '2023-03-31 08:14:31', '0000-00-00 00:00:00'),
	(2, '8 hour shift', '2023-03-31 08:14:43', '0000-00-00 00:00:00'),
	(3, '10 hour shift', '2023-03-31 08:15:01', '0000-00-00 00:00:00'),
	(4, '12 hour shift', '2023-03-31 08:15:12', '0000-00-00 00:00:00'),
	(5, 'Shift system', '2023-03-31 08:15:27', '0000-00-00 00:00:00'),
	(6, 'Early shift', '2023-03-31 08:15:39', '0000-00-00 00:00:00'),
	(7, 'Day Shift', '2023-03-31 08:15:48', '0000-00-00 00:00:00'),
	(8, 'Afternoon Shift', '2023-03-31 08:16:04', '0000-00-00 00:00:00');

-- Dumping structure for table almai_db.tbl_job_skills
CREATE TABLE IF NOT EXISTS `tbl_job_skills` (
  `job_skill_id` int(11) NOT NULL AUTO_INCREMENT,
  `skill_id` int(11) NOT NULL DEFAULT '0',
  `skill_rating` int(11) NOT NULL DEFAULT '0',
  `job_id` int(11) NOT NULL DEFAULT '0',
  `created_at` datetime NOT NULL DEFAULT CURRENT_TIMESTAMP,
  `updated_at` datetime NOT NULL DEFAULT '0000-00-00 00:00:00' ON UPDATE CURRENT_TIMESTAMP,
  PRIMARY KEY (`job_skill_id`)
) ENGINE=InnoDB DEFAULT CHARSET=latin1;

-- Dumping data for table almai_db.tbl_job_skills: ~0 rows (approximately)

-- Dumping structure for table almai_db.tbl_job_types
CREATE TABLE IF NOT EXISTS `tbl_job_types` (
  `job_type_id` int(11) NOT NULL AUTO_INCREMENT,
  `job_type_name` varchar(150) DEFAULT NULL,
  `job_type_status` int(1) DEFAULT '0',
  `created_at` datetime NOT NULL DEFAULT CURRENT_TIMESTAMP,
  `updated_at` datetime NOT NULL DEFAULT '0000-00-00 00:00:00' ON UPDATE CURRENT_TIMESTAMP,
  PRIMARY KEY (`job_type_id`)
) ENGINE=InnoDB AUTO_INCREMENT=7 DEFAULT CHARSET=latin1;

-- Dumping data for table almai_db.tbl_job_types: ~6 rows (approximately)
INSERT INTO `tbl_job_types` (`job_type_id`, `job_type_name`, `job_type_status`, `created_at`, `updated_at`) VALUES
	(1, 'Full-time', 1, '2023-03-31 08:08:55', '0000-00-00 00:00:00'),
	(2, 'Part-time', 1, '2023-03-31 08:09:09', '0000-00-00 00:00:00'),
	(3, 'Permanent', 1, '2023-03-31 08:09:25', '0000-00-00 00:00:00'),
	(4, 'Fixed Term', 1, '2023-03-31 08:09:42', '0000-00-00 00:00:00'),
	(5, 'Temporary', 1, '2023-03-31 08:09:54', '0000-00-00 00:00:00'),
	(6, 'OJT (On the job training)', 1, '2023-03-31 08:10:16', '0000-00-00 00:00:00');

-- Dumping structure for table almai_db.tbl_posts
CREATE TABLE IF NOT EXISTS `tbl_posts` (
  `post_id` int(11) NOT NULL AUTO_INCREMENT,
  `user_id` int(11) NOT NULL DEFAULT '0',
  `post_type` varchar(255) DEFAULT NULL,
  `post_message` text,
  `college_id` int(1) DEFAULT NULL,
  `show_to_employer` int(1) DEFAULT NULL,
  `created_at` datetime NOT NULL DEFAULT CURRENT_TIMESTAMP,
  `updated_at` datetime NOT NULL DEFAULT '0000-00-00 00:00:00' ON UPDATE CURRENT_TIMESTAMP,
  PRIMARY KEY (`post_id`)
) ENGINE=InnoDB DEFAULT CHARSET=latin1;

-- Dumping data for table almai_db.tbl_posts: ~0 rows (approximately)

-- Dumping structure for table almai_db.tbl_skills
CREATE TABLE IF NOT EXISTS `tbl_skills` (
  `skill_id` int(11) NOT NULL AUTO_INCREMENT,
  `sub_industry_id` int(11) DEFAULT NULL,
  `sc_id` int(11) NOT NULL DEFAULT '0',
  `skill_name` varchar(150) DEFAULT NULL,
  `created_at` datetime NOT NULL DEFAULT CURRENT_TIMESTAMP,
  `updated_at` datetime NOT NULL DEFAULT '0000-00-00 00:00:00' ON UPDATE CURRENT_TIMESTAMP,
  PRIMARY KEY (`skill_id`)
) ENGINE=InnoDB AUTO_INCREMENT=167 DEFAULT CHARSET=latin1;

-- Dumping data for table almai_db.tbl_skills: ~166 rows (approximately)
INSERT INTO `tbl_skills` (`skill_id`, `sub_industry_id`, `sc_id`, `skill_name`, `created_at`, `updated_at`) VALUES
	(1, NULL, 1, 'Admin Assistant', '2023-03-22 14:29:06', '2023-03-22 15:19:11'),
	(2, NULL, 1, 'Appointment Setter', '2023-03-22 14:29:06', '2023-03-22 15:19:21'),
	(3, NULL, 1, 'Data Entry', '2023-03-22 14:29:06', '2023-03-22 15:19:27'),
	(4, NULL, 1, 'Email Management', '2023-03-22 14:29:06', '2023-03-22 15:19:33'),
	(5, NULL, 1, 'Event Planner', '2023-03-22 14:29:06', '2023-03-22 15:19:45'),
	(6, NULL, 1, 'Excel', '2023-03-22 14:29:06', '2023-03-22 15:19:52'),
	(7, NULL, 1, 'Human Resource Management', '2023-03-22 14:29:06', '2023-03-22 15:20:09'),
	(8, NULL, 1, 'Personal Assistant', '2023-03-22 14:29:06', '2023-03-22 15:20:25'),
	(9, NULL, 1, 'Project Coordinator', '2023-03-22 15:20:40', '0000-00-00 00:00:00'),
	(10, NULL, 1, 'Project Quality Assurance', '2023-03-22 15:20:40', '0000-00-00 00:00:00'),
	(11, NULL, 1, 'Recruitment Assistant', '2023-03-22 15:20:40', '0000-00-00 00:00:00'),
	(12, NULL, 1, 'Research', '2023-03-22 15:21:30', '2023-03-22 15:21:32'),
	(13, NULL, 1, 'Transcription', '2023-03-22 15:21:30', '2023-03-22 15:21:32'),
	(14, NULL, 1, 'Travel Planning', '2023-03-22 15:21:30', '2023-03-22 15:21:32'),
	(15, NULL, 2, 'Speaking', '2023-03-22 15:33:40', '2023-03-22 15:33:45'),
	(16, NULL, 2, 'Translation', '2023-03-22 15:33:40', '2023-03-22 15:33:45'),
	(17, NULL, 2, 'Tutoring Teaching', '2023-03-22 15:33:40', '2023-03-22 15:33:45'),
	(18, NULL, 2, 'Writing', '2023-03-22 15:33:40', '2023-03-22 15:33:45'),
	(19, NULL, 3, 'Blogging', '2023-03-22 15:33:40', '2023-03-22 15:33:45'),
	(20, NULL, 3, 'Copywriting', '2023-03-22 15:33:40', '2023-03-22 15:33:45'),
	(21, NULL, 3, 'Creative Writing', '2023-03-22 15:33:40', '2023-03-22 15:33:45'),
	(22, NULL, 3, 'Ebook Writing', '2023-03-22 15:33:40', '2023-03-22 15:33:45'),
	(23, NULL, 3, 'Editing Proofreading', '2023-03-22 15:33:40', '2023-03-22 15:33:45'),
	(24, NULL, 3, 'Ghost Writing', '2023-03-22 15:33:40', '2023-03-22 15:33:45'),
	(25, NULL, 3, 'Technical Writing', '2023-03-22 15:33:40', '2023-03-22 15:33:45'),
	(26, NULL, 3, 'Web Content Writing', '2023-03-22 15:33:40', '2023-03-22 15:33:45'),
	(27, NULL, 4, 'Affiliate Marketing', '2023-03-22 15:33:40', '2023-03-22 15:45:42'),
	(28, NULL, 4, 'Classified Ads Marketing', '2023-03-22 15:33:40', '2023-03-22 15:45:45'),
	(29, NULL, 4, 'Craigslist Marketing', '2023-03-22 15:33:40', '2023-03-22 15:45:45'),
	(30, NULL, 4, 'Direct Mail Marketing', '2023-03-22 15:33:40', '2023-03-22 15:45:45'),
	(31, NULL, 4, 'Email Marketing', '2023-03-22 15:33:40', '2023-03-22 15:46:32'),
	(32, NULL, 4, 'Facebook Marketing', '2023-03-22 15:33:40', '2023-03-22 15:46:32'),
	(33, NULL, 4, 'Instagram Marketing', '2023-03-22 15:33:40', '2023-03-22 15:46:32'),
	(34, NULL, 4, 'Lead Generation', '2023-03-22 15:33:40', '2023-03-22 15:46:32'),
	(35, NULL, 4, 'LinkedIn Marketing', '2023-03-22 15:33:40', '2023-03-22 15:46:32'),
	(36, NULL, 4, 'Mobile Marketing', '2023-03-22 15:33:40', '2023-03-22 15:46:32'),
	(37, NULL, 4, 'Private Blog Network', '2023-03-22 15:33:40', '2023-03-22 15:46:32'),
	(38, NULL, 4, 'Sales Representative', '2023-03-22 15:33:40', '2023-03-22 15:46:32'),
	(39, NULL, 4, 'SEM', '2023-03-22 15:33:40', '2023-03-22 15:46:32'),
	(40, NULL, 4, 'SEO', '2023-03-22 15:33:40', '2023-03-22 15:46:32'),
	(41, NULL, 4, 'Social Media Marketing', '2023-03-22 15:33:40', '2023-03-22 15:46:32'),
	(42, NULL, 4, 'Telemarketing', '2023-03-22 15:33:40', '2023-03-22 15:49:25'),
	(43, NULL, 4, 'Video Marketing', '2023-03-22 15:33:40', '2023-03-22 15:46:32'),
	(44, NULL, 4, 'YouTube Marketing', '2023-03-22 15:33:40', '2023-03-22 15:46:32'),
	(45, NULL, 5, 'Amazon Product Ads', '2023-03-22 15:33:40', '2023-03-22 15:46:32'),
	(46, NULL, 5, 'Bing Ads', '2023-03-22 15:33:40', '2023-03-22 15:46:32'),
	(47, NULL, 5, 'Creative advertising', '2023-03-22 15:33:40', '2023-03-22 15:46:32'),
	(48, NULL, 5, 'Facebook Ads', '2023-03-22 15:33:40', '2023-03-22 15:46:32'),
	(49, NULL, 5, 'Google AdWords', '2023-03-22 15:33:40', '2023-03-22 15:46:32'),
	(50, NULL, 5, 'Instagram Ads', '2023-03-22 15:33:40', '2023-03-22 15:46:32'),
	(51, NULL, 5, 'Media Buys', '2023-03-22 15:33:40', '2023-03-22 15:46:32'),
	(52, NULL, 5, 'Other Ad Platforms', '2023-03-22 15:33:40', '2023-03-22 15:46:32'),
	(53, NULL, 5, 'Scientific advertising', '2023-03-22 15:33:40', '2023-03-22 15:46:32'),
	(54, NULL, 5, 'Youtube Ads', '2023-03-22 15:33:40', '2023-03-22 15:46:32'),
	(55, NULL, 6, 'AngularJS', '2023-03-22 15:33:40', '2023-03-22 15:46:32'),
	(56, NULL, 6, 'ASP.NET', '2023-03-22 15:33:40', '2023-03-22 15:46:32'),
	(57, NULL, 6, 'ClickFunnels', '2023-03-22 15:33:40', '2023-03-22 15:46:32'),
	(58, NULL, 6, 'Drupal Development', '2023-03-22 15:33:40', '2023-03-22 15:46:32'),
	(59, NULL, 6, 'Infusionsoft', '2023-03-22 15:33:40', '2023-03-22 15:46:32'),
	(60, NULL, 6, 'Javascript', '2023-03-22 15:33:40', '2023-03-22 15:46:32'),
	(61, NULL, 6, 'Joomla Development', '2023-03-22 15:33:40', '2023-03-22 15:46:32'),
	(62, NULL, 6, 'Laravel', '2023-03-22 15:33:40', '2023-03-22 15:46:32'),
	(63, NULL, 6, 'Magento', '2023-03-22 15:33:40', '2023-03-22 15:46:32'),
	(64, NULL, 6, 'Mysql', '2023-03-22 15:55:32', '0000-00-00 00:00:00'),
	(65, NULL, 6, 'Node.js', '2023-03-22 15:55:32', '0000-00-00 00:00:00'),
	(66, NULL, 6, 'Optimizepress', '2023-03-22 15:55:32', '0000-00-00 00:00:00'),
	(67, NULL, 6, 'PHP', '2023-03-22 15:55:32', '0000-00-00 00:00:00'),
	(68, NULL, 6, 'React', '2023-03-22 15:55:32', '0000-00-00 00:00:00'),
	(69, NULL, 6, 'Ruby on Rails', '2023-03-22 15:55:32', '0000-00-00 00:00:00'),
	(70, NULL, 6, 'Shopify', '2023-03-22 15:55:32', '0000-00-00 00:00:00'),
	(71, NULL, 6, 'VueJS', '2023-03-22 15:55:32', '0000-00-00 00:00:00'),
	(72, NULL, 6, 'WooCommerce', '2023-03-22 15:55:32', '0000-00-00 00:00:00'),
	(73, NULL, 6, 'Wordpress Development', '2023-03-22 15:55:32', '0000-00-00 00:00:00'),
	(74, NULL, 7, 'Content Management', '2023-03-22 15:55:32', '0000-00-00 00:00:00'),
	(75, NULL, 7, 'Cpanel', '2023-03-22 15:55:32', '0000-00-00 00:00:00'),
	(76, NULL, 7, 'Css', '2023-03-22 15:55:32', '0000-00-00 00:00:00'),
	(77, NULL, 7, 'Drupal', '2023-03-22 15:55:32', '0000-00-00 00:00:00'),
	(78, NULL, 7, 'Ecommerce / Shopping Carts', '2023-03-22 15:55:32', '0000-00-00 00:00:00'),
	(79, NULL, 7, 'Google analytics', '2023-03-22 15:55:32', '0000-00-00 00:00:00'),
	(80, NULL, 7, 'Html', '2023-03-22 15:55:32', '0000-00-00 00:00:00'),
	(81, NULL, 7, 'Joomla', '2023-03-22 15:55:32', '0000-00-00 00:00:00'),
	(82, NULL, 7, 'Managing Servers', '2023-03-22 15:55:32', '0000-00-00 00:00:00'),
	(83, NULL, 7, 'PSD to HTML', '2023-03-22 15:55:32', '0000-00-00 00:00:00'),
	(84, NULL, 7, 'Webmaster Tools', '2023-03-22 15:55:32', '0000-00-00 00:00:00'),
	(85, NULL, 7, 'Wordpress', '2023-03-22 15:55:32', '0000-00-00 00:00:00'),
	(86, NULL, 8, '3D Modeling', '2023-03-22 15:55:32', '0000-00-00 00:00:00'),
	(87, NULL, 8, 'Adobe Indesign', '2023-03-22 15:55:32', '0000-00-00 00:00:00'),
	(88, NULL, 8, 'Animation Specialist', '2023-03-22 15:55:32', '0000-00-00 00:00:00'),
	(89, NULL, 8, 'Autocad', '2023-03-22 15:55:32', '0000-00-00 00:00:00'),
	(90, NULL, 8, 'Graphics Editing', '2023-03-22 15:55:32', '0000-00-00 00:00:00'),
	(91, NULL, 8, 'Illustrator', '2023-03-22 15:55:32', '0000-00-00 00:00:00'),
	(92, NULL, 8, 'Logo Design', '2023-03-22 15:55:32', '0000-00-00 00:00:00'),
	(93, NULL, 8, 'Photoshop', '2023-03-22 15:55:32', '0000-00-00 00:00:00'),
	(94, NULL, 8, 'Print Design', '2023-03-22 15:55:32', '0000-00-00 00:00:00'),
	(95, NULL, 8, 'Recording Audio', '2023-03-22 15:55:32', '0000-00-00 00:00:00'),
	(96, NULL, 8, 'Shirt Design', '2023-03-22 16:07:45', '0000-00-00 00:00:00'),
	(97, NULL, 8, 'User Interface Design', '2023-03-22 16:07:45', '0000-00-00 00:00:00'),
	(98, NULL, 8, 'Video Editing', '2023-03-22 16:07:45', '0000-00-00 00:00:00'),
	(99, NULL, 8, 'Web page Design', '2023-03-22 16:07:45', '0000-00-00 00:00:00'),
	(100, NULL, 9, 'Android development', '2023-03-22 16:07:45', '0000-00-00 00:00:00'),
	(101, NULL, 9, 'C#', '2023-03-22 16:07:45', '0000-00-00 00:00:00'),
	(102, NULL, 9, 'Desktop Applications', '2023-03-22 16:07:45', '0000-00-00 00:00:00'),
	(103, NULL, 9, 'Game development', '2023-03-22 16:07:45', '2023-03-22 16:09:57'),
	(104, NULL, 9, 'iOS development', '2023-03-22 16:07:45', '2023-03-22 16:09:57'),
	(105, NULL, 9, 'Python', '2023-03-22 16:07:45', '2023-03-22 16:09:57'),
	(106, NULL, 9, 'Software QA Testing', '2023-03-22 16:07:45', '2023-03-22 16:09:57'),
	(107, NULL, 10, 'Accounting', '2023-03-22 16:07:45', '2023-03-22 16:09:57'),
	(108, NULL, 10, 'Bookkeeping', '2023-03-22 16:07:45', '2023-03-22 16:09:57'),
	(109, NULL, 10, 'Business Plans', '2023-03-22 16:07:45', '2023-03-22 16:09:57'),
	(110, NULL, 10, 'Financial Analysis', '2023-03-22 16:07:45', '2023-03-22 16:09:57'),
	(111, NULL, 10, 'Financial Forecasting', '2023-03-22 16:07:45', '2023-03-22 16:09:57'),
	(112, NULL, 10, 'Financial Management', '2023-03-22 16:07:45', '2023-03-22 16:09:57'),
	(113, NULL, 10, 'Inventory Management', '2023-03-22 16:07:45', '2023-03-22 16:09:57'),
	(114, NULL, 10, 'Investment Researching', '2023-03-22 16:07:45', '2023-03-22 16:09:57'),
	(115, NULL, 10, 'Payroll', '2023-03-22 16:07:45', '2023-03-22 16:09:57'),
	(116, NULL, 10, 'Quickbooks', '2023-03-22 16:07:45', '2023-03-22 16:09:57'),
	(117, NULL, 10, 'Strategic Planning', '2023-03-22 16:07:45', '2023-03-22 16:09:57'),
	(118, NULL, 10, 'Tax Preparation', '2023-03-22 16:07:45', '2023-03-22 16:09:57'),
	(119, NULL, 10, 'Xero', '2023-03-22 16:07:45', '2023-03-22 16:09:57'),
	(120, NULL, 11, 'Community Forum Moderation', '2023-03-22 16:07:45', '2023-03-22 16:09:57'),
	(121, NULL, 11, 'Content Moderation', '2023-03-22 16:07:45', '2023-03-22 16:09:57'),
	(122, NULL, 11, 'Customer Support', '2023-03-22 16:07:45', '2023-03-22 16:09:57'),
	(123, NULL, 11, 'Email Support', '2023-03-22 16:07:45', '2023-03-22 16:09:57'),
	(124, NULL, 11, 'Phone Support', '2023-03-22 16:07:45', '2023-03-22 16:09:57'),
	(125, NULL, 11, 'Social Media Moderation', '2023-03-22 16:07:45', '2023-03-22 16:09:57'),
	(126, NULL, 11, 'Tech Support', '2023-03-22 16:07:45', '2023-03-22 16:09:57'),
	(127, NULL, 12, 'Architectural and Engineering Services', '2023-03-22 16:07:45', '2023-03-22 16:23:57'),
	(128, NULL, 12, 'Legal Services', '2023-03-22 16:07:45', '2023-03-22 16:24:05'),
	(129, NULL, 12, 'Medical Services', '2023-03-22 16:07:45', '2023-03-22 16:24:16'),
	(130, NULL, 12, 'Real Estate Services', '2023-03-22 16:07:45', '2023-03-22 16:24:29'),
	(131, NULL, 13, 'Design Project Management', '2023-03-22 16:07:45', '2023-03-22 16:25:06'),
	(132, NULL, 13, 'Marketing Project Management', '2023-03-22 16:07:45', '2023-03-22 16:25:58'),
	(133, NULL, 13, 'Other Project Management', '2023-03-22 16:07:45', '2023-03-22 16:26:01'),
	(134, NULL, 13, 'Software Development Project Management', '2023-03-22 16:07:45', '2023-03-22 16:26:11'),
	(135, NULL, 13, 'Web Development Project Management', '2023-03-22 16:07:45', '2023-03-22 16:26:30'),
	(136, NULL, 13, 'Writing Development Project Management', '2023-03-22 16:07:45', '2023-03-22 16:26:59'),
	(137, NULL, 14, 'Planting', '2023-04-21 08:57:59', '0000-00-00 00:00:00'),
	(138, NULL, 14, 'Harvesting', '2023-04-21 08:57:59', '0000-00-00 00:00:00'),
	(139, NULL, 14, 'Irrigation', '2023-04-21 08:57:59', '0000-00-00 00:00:00'),
	(140, NULL, 14, 'Soil Analysis', '2023-04-21 08:57:59', '0000-00-00 00:00:00'),
	(141, NULL, 14, 'Pest control', '2023-04-21 08:57:59', '0000-00-00 00:00:00'),
	(142, NULL, 14, 'Mechanization', '2023-04-21 08:57:59', '0000-00-00 00:00:00'),
	(143, NULL, 14, 'Fertilization', '2023-04-21 08:57:59', '0000-00-00 00:00:00'),
	(144, NULL, 14, 'Crop selection', '2023-04-21 08:57:59', '0000-00-00 00:00:00'),
	(145, NULL, 14, 'Animal husbandry', '2023-04-21 08:57:59', '0000-00-00 00:00:00'),
	(146, NULL, 14, 'Marketing', '2023-04-21 08:57:59', '0000-00-00 00:00:00'),
	(147, NULL, 14, 'Research', '2023-04-21 08:57:59', '2023-04-21 08:59:50'),
	(148, NULL, 14, 'Sustainability', '2023-04-21 08:57:59', '2023-04-21 08:59:50'),
	(149, NULL, 14, 'Conservation', '2023-04-21 08:57:59', '2023-04-21 08:59:50'),
	(150, NULL, 14, 'Agribusiness', '2023-04-21 08:57:59', '2023-04-21 08:59:50'),
	(151, NULL, 14, 'Farm management', '2023-04-21 08:57:59', '2023-04-21 08:59:50'),
	(152, NULL, 15, 'Aquaculture', '2023-04-21 08:57:59', '2023-04-21 08:59:50'),
	(153, NULL, 15, 'Fish breeding', '2023-04-21 08:57:59', '2023-04-21 08:59:50'),
	(154, NULL, 15, 'Water quality management', '2023-04-21 08:57:59', '2023-04-21 08:59:50'),
	(155, NULL, 15, 'Fisheries management', '2023-04-21 08:57:59', '2023-04-21 08:59:50'),
	(156, NULL, 15, 'Fish health management', '2023-04-21 08:57:59', '2023-04-21 08:59:50'),
	(157, NULL, 15, 'Fish processing', '2023-04-21 08:57:59', '2023-04-21 08:59:50'),
	(158, NULL, 15, 'Harvesting', '2023-04-21 08:57:59', '2023-04-21 08:59:50'),
	(159, NULL, 15, 'Fishing gear maintenance', '2023-04-21 08:57:59', '2023-04-21 08:59:50'),
	(160, NULL, 15, 'Seafood safety and quality control', '2023-04-21 08:57:59', '2023-04-21 08:59:50'),
	(161, NULL, 15, 'Research and data analysis', '2023-04-21 08:57:59', '2023-04-21 08:59:50'),
	(162, NULL, 15, 'Environmental monitoring and assessment', '2023-04-21 08:57:59', '2023-04-21 08:59:50'),
	(163, NULL, 15, 'Marketing and sales', '2023-04-21 08:57:59', '2023-04-21 08:59:50'),
	(164, NULL, 15, 'Leadership and teamwork', '2023-04-21 08:57:59', '2023-04-21 08:59:50'),
	(165, NULL, 15, 'Communication and interpersonal skills', '2023-04-21 08:57:59', '2023-04-21 08:59:50'),
	(166, NULL, 15, 'Regulatory compliance', '2023-04-21 08:57:59', '2023-04-21 08:59:50');

-- Dumping structure for table almai_db.tbl_skills_category
CREATE TABLE IF NOT EXISTS `tbl_skills_category` (
  `sc_id` int(11) NOT NULL AUTO_INCREMENT,
  `sc_name` varchar(150) DEFAULT NULL,
  `sc_description` varchar(150) DEFAULT NULL,
  `created_at` datetime NOT NULL DEFAULT CURRENT_TIMESTAMP,
  `updated_at` datetime NOT NULL DEFAULT '0000-00-00 00:00:00' ON UPDATE CURRENT_TIMESTAMP,
  `sc_status` int(1) NOT NULL DEFAULT '0',
  PRIMARY KEY (`sc_id`)
) ENGINE=InnoDB AUTO_INCREMENT=16 DEFAULT CHARSET=latin1;

-- Dumping data for table almai_db.tbl_skills_category: ~15 rows (approximately)
INSERT INTO `tbl_skills_category` (`sc_id`, `sc_name`, `sc_description`, `created_at`, `updated_at`, `sc_status`) VALUES
	(1, 'Office & Admin (Virtual Assistant)', 'S', '2023-03-22 13:39:05', '2023-04-21 08:57:25', 1),
	(2, 'English', 'S', '2023-03-22 13:39:05', '2023-04-21 08:57:26', 1),
	(3, 'Writing', 'S', '2023-03-22 13:39:05', '2023-04-21 08:57:26', 1),
	(4, 'Sales and Marketing', 'S', '2023-03-22 13:39:05', '2023-04-21 08:57:27', 1),
	(5, 'Advertising', 'S', '2023-03-22 13:39:05', '2023-04-21 08:57:27', 1),
	(6, 'Web Development', 'S', '2023-03-22 13:39:05', '2023-04-21 08:57:29', 1),
	(7, 'Webmaster', NULL, '2023-03-22 15:16:10', '2023-04-21 08:57:29', 1),
	(8, 'Graphics & Multimedia', NULL, '2023-03-22 15:16:34', '2023-04-21 08:57:30', 1),
	(9, 'Software Development / Programming', NULL, '2023-03-22 15:16:58', '2023-04-21 08:57:31', 1),
	(10, 'Finance & Management', NULL, '2023-03-22 15:17:10', '2023-04-21 08:57:31', 1),
	(11, 'Customer Service & Admin Support', NULL, '2023-03-22 15:17:31', '2023-04-21 08:57:32', 1),
	(12, 'Proffessional Services', NULL, '2023-03-22 15:17:45', '2023-04-21 08:57:33', 1),
	(13, 'Project Management', NULL, '2023-03-22 15:17:54', '2023-04-21 08:57:33', 1),
	(14, 'Agriculture', NULL, '2023-04-21 08:56:45', '2023-04-21 08:57:13', 1),
	(15, 'Fisheries', NULL, '2023-04-21 09:03:18', '0000-00-00 00:00:00', 0);

-- Dumping structure for table almai_db.tbl_sub_industries
CREATE TABLE IF NOT EXISTS `tbl_sub_industries` (
  `sub_industry_id` int(11) NOT NULL AUTO_INCREMENT,
  `industry_id` int(11) NOT NULL DEFAULT '0',
  `industry_name` varchar(150) DEFAULT NULL,
  `created_at` datetime NOT NULL DEFAULT CURRENT_TIMESTAMP,
  `updated_at` datetime NOT NULL DEFAULT '0000-00-00 00:00:00' ON UPDATE CURRENT_TIMESTAMP,
  PRIMARY KEY (`sub_industry_id`) USING BTREE
) ENGINE=InnoDB AUTO_INCREMENT=114 DEFAULT CHARSET=latin1;

-- Dumping data for table almai_db.tbl_sub_industries: ~113 rows (approximately)
INSERT INTO `tbl_sub_industries` (`sub_industry_id`, `industry_id`, `industry_name`, `created_at`, `updated_at`) VALUES
	(1, 2, 'Animal Production', '2023-04-11 09:45:13', '0000-00-00 00:00:00'),
	(2, 2, 'Crop Production', '2023-04-11 09:45:13', '0000-00-00 00:00:00'),
	(3, 2, 'Farm Support', '2023-04-11 09:45:13', '0000-00-00 00:00:00'),
	(4, 2, 'Fishery', '2023-04-11 09:45:58', '2023-04-11 09:46:00'),
	(5, 2, 'Floral Nursery', '2023-04-11 09:45:58', '2023-04-11 09:46:00'),
	(6, 2, 'Forestry, Logging & Timber Operations', '2023-04-11 09:45:58', '2023-04-11 09:46:00'),
	(7, 3, 'Culture & Entertainment', '2023-04-11 09:45:58', '2023-04-11 09:46:00'),
	(8, 3, 'Gambling', '2023-04-11 09:45:58', '2023-04-11 09:46:00'),
	(9, 3, 'Sports & Recreation', '2023-04-11 09:45:58', '2023-04-11 09:49:21'),
	(10, 3, 'Ticket Sales', '2023-04-11 09:45:58', '2023-04-11 09:49:21'),
	(11, 4, 'Architectural & Engineering Services', '2023-04-11 09:45:58', '2023-04-11 10:07:19'),
	(12, 4, 'Commercial Equipment  Services', '2023-04-11 09:45:58', '2023-04-11 10:07:49'),
	(13, 4, 'Construction', '2023-04-11 09:45:58', '2023-04-11 10:08:41'),
	(14, 4, 'General Repair & Maintenance', '2023-04-11 09:45:58', '2023-04-11 10:08:41'),
	(15, 4, 'Vehicle Repair & Maintenance', '2023-04-11 09:45:58', '2023-04-11 10:08:41'),
	(16, 5, 'Colleges & Universities', '2023-04-11 09:45:58', '2023-04-11 10:08:41'),
	(17, 5, 'Education & Training Services', '2023-04-11 09:45:58', '2023-04-11 10:08:41'),
	(18, 5, 'Preschool & Child Care Services', '2023-04-11 09:45:58', '2023-04-11 10:26:36'),
	(19, 5, 'Primary & Secondary Schools', '2023-04-11 09:45:58', '2023-04-11 10:26:36'),
	(20, 6, 'Energy & Utilities', '2023-04-11 09:45:58', '2023-04-11 10:26:36'),
	(21, 6, 'Mining & Metals', '2023-04-11 09:45:58', '2023-04-11 10:26:36'),
	(22, 7, 'Accounting & Tax', '2023-04-11 09:45:58', '2023-04-11 10:26:36'),
	(23, 7, 'Banking & Lending', '2023-04-11 09:45:58', '2023-04-11 10:26:36'),
	(24, 7, 'Debt Relief', '2023-04-11 09:45:58', '2023-04-11 10:26:36'),
	(25, 7, 'Financial Transaction Processing', '2023-04-11 09:45:58', '2023-04-11 10:26:36'),
	(26, 7, 'Investment & Asset Management', '2023-04-11 09:45:58', '2023-04-11 10:26:36'),
	(27, 7, 'Stock Exchanges', '2023-04-11 09:45:58', '2023-04-11 10:26:36'),
	(28, 8, 'Municipal Agencies', '2023-04-11 09:45:58', '2023-04-11 10:26:36'),
	(29, 8, 'National Agencies', '2023-04-11 09:45:58', '2023-04-11 10:26:36'),
	(30, 8, 'State & Regional Agencies', '2023-04-11 09:45:58', '2023-04-11 10:26:36'),
	(31, 9, 'Ambulance & Medical Transaportation', '2023-04-11 09:45:58', '2023-04-11 10:26:36'),
	(32, 9, 'Dental Clinics', '2023-04-11 09:45:58', '2023-04-11 10:26:36'),
	(33, 9, 'Hospital & Health Clinics', '2023-04-11 09:45:58', '2023-04-11 10:26:36'),
	(34, 9, 'Medical Testing & Clinical Laboratories', '2023-04-11 09:45:58', '2023-04-11 10:26:36'),
	(35, 9, 'Nursing Care Facilities', '2023-04-11 09:45:58', '2023-04-11 10:26:36'),
	(36, 10, 'Hotels & Resorts', '2023-04-11 09:45:58', '2023-04-11 10:26:36'),
	(37, 10, 'Travel Agencies', '2023-04-11 09:45:58', '2023-04-11 10:26:36'),
	(38, 11, 'HR Consulting', '2023-04-11 09:45:58', '2023-04-11 10:26:36'),
	(39, 11, 'Staffing & Subcontracting', '2023-04-11 09:45:58', '2023-04-11 10:26:36'),
	(40, 12, 'Computer Hardware Development', '2023-04-11 09:45:58', '2023-04-11 10:26:36'),
	(41, 12, 'Information Technology Support Services', '2023-04-11 09:45:58', '2023-04-11 10:26:36'),
	(42, 12, 'Internet & Web Services', '2023-04-11 09:45:58', '2023-04-11 10:26:36'),
	(43, 12, 'Software Development', '2023-04-11 09:45:58', '2023-04-11 10:26:36'),
	(44, 13, 'Insurance Agencies & Brokerages', '2023-04-11 09:45:58', '2023-04-11 10:26:36'),
	(45, 13, 'Insurance Carriers', '2023-04-11 09:45:58', '2023-04-11 10:26:36'),
	(46, 14, 'Law Firms', '2023-04-11 09:45:58', '2023-04-11 10:26:36'),
	(47, 14, 'Legal Services', '2023-04-11 09:45:58', '2023-04-11 10:26:36'),
	(48, 15, 'Business Consulting', '2023-04-11 09:45:58', '2023-04-11 11:02:07'),
	(49, 15, 'Membership Organizations', '2023-04-11 09:45:58', '2023-04-11 11:02:26'),
	(50, 15, 'Research & Development', '2023-04-11 09:45:58', '2023-04-11 11:02:26'),
	(51, 15, 'Security & Protective', '2023-04-11 09:45:58', '2023-04-11 11:02:26'),
	(52, 15, 'Waste Management', '2023-04-11 09:45:58', '2023-04-11 11:02:26'),
	(53, 16, 'Chemical Manufacturing', '2023-04-11 09:45:58', '2023-04-11 11:02:26'),
	(54, 16, 'Commercial Printing', '2023-04-11 09:45:58', '2023-04-11 11:02:26'),
	(55, 16, 'Consumer Product Manufacturing', '2023-04-11 09:45:58', '2023-04-11 11:02:26'),
	(56, 16, 'Electronics Manufacturing', '2023-04-11 09:45:58', '2023-04-11 11:02:26'),
	(57, 16, 'Food & Beverage Manufacturing', '2023-04-11 09:45:58', '2023-04-11 11:02:26'),
	(58, 16, 'Health Care Products Manufacturing', '2023-04-11 09:45:58', '2023-04-11 11:02:26'),
	(59, 16, 'Machinery Manufacturing', '2023-04-11 09:45:58', '2023-04-11 11:02:26'),
	(60, 16, 'Metal & Mineral Manufacturing', '2023-04-11 09:45:58', '2023-04-11 11:02:26'),
	(61, 16, 'Textile & Apparel Manufacturing', '2023-04-11 09:45:58', '2023-04-11 11:02:26'),
	(62, 16, 'Transportation Equipment Manufacturing', '2023-04-11 09:45:58', '2023-04-11 11:02:26'),
	(63, 16, 'Wood & Paper Manufacturing', '2023-04-11 09:45:58', '2023-04-11 11:02:26'),
	(64, 17, 'Advertising & Public Relations', '2023-04-11 09:45:58', '2023-04-11 11:02:26'),
	(65, 17, 'Broadcast Media', '2023-04-11 09:45:58', '2023-04-11 11:02:26'),
	(66, 17, 'Film Production', '2023-04-11 09:45:58', '2023-04-11 11:10:23'),
	(67, 17, 'Music & Sound Production', '2023-04-11 09:45:58', '2023-04-11 11:10:23'),
	(68, 17, 'Photography', '2023-04-11 09:45:58', '2023-04-11 11:10:23'),
	(69, 17, 'Publishing', '2023-04-11 09:45:58', '2023-04-11 11:10:23'),
	(70, 17, 'Translation & Linguistic Services', '2023-04-11 09:45:58', '2023-04-11 11:10:23'),
	(71, 17, 'Video Game Publishing', '2023-04-11 09:45:58', '2023-04-11 11:10:23'),
	(72, 18, 'Civic & Social Services', '2023-04-11 09:45:58', '2023-04-11 11:10:23'),
	(73, 18, 'Grantmaking & Charitable Foundations', '2023-04-11 09:45:58', '2023-04-11 11:10:23'),
	(74, 18, 'Religious Institution', '2023-04-11 09:45:58', '2023-04-11 11:10:23'),
	(75, 19, 'Beauty & Wellness', '2023-04-11 09:45:58', '2023-04-11 11:13:48'),
	(76, 19, 'Event Services', '2023-04-11 09:45:58', '2023-04-11 11:13:48'),
	(77, 19, 'Laundry & Dry Cleaning', '2023-04-11 09:45:58', '2023-04-11 11:13:48'),
	(78, 19, 'Pet Care & Veterinary', '2023-04-11 09:45:58', '2023-04-11 11:13:48'),
	(79, 19, 'Private Households', '2023-04-11 09:45:58', '2023-04-11 11:13:48'),
	(80, 20, 'Biotechnology', '2023-04-11 09:45:58', '2023-04-11 11:13:48'),
	(81, 20, 'Pharmaceutical', '2023-04-11 09:45:58', '2023-04-11 11:13:48'),
	(82, 21, 'Property Management', '2023-04-11 09:45:58', '2023-04-11 11:13:48'),
	(83, 21, 'Real Estate Agencies', '2023-04-11 09:45:58', '2023-04-11 11:13:48'),
	(84, 22, 'Bars & Nightclubs', '2023-04-11 09:45:58', '2023-04-11 11:13:48'),
	(85, 22, 'Catering & Food Service Contractors', '2023-04-11 09:45:58', '2023-04-11 11:13:48'),
	(86, 22, 'Restaurant & Cafes', '2023-04-11 09:45:58', '2023-04-11 11:13:48'),
	(87, 23, 'Auction & Galleries', '2023-04-11 09:45:58', '2023-04-11 11:13:48'),
	(88, 23, 'Automotive Parts & Accessories Stores', '2023-04-11 09:45:58', '2023-04-11 11:13:48'),
	(89, 23, 'Beauty & Personal Accessories Stores', '2023-04-11 09:45:58', '2023-04-11 11:13:48'),
	(90, 23, 'Consumer Electronics & Appliances Stores', '2023-04-11 09:45:58', '2023-04-11 11:13:48'),
	(91, 23, 'Convenience Stores', '2023-04-11 09:45:58', '2023-04-11 11:13:48'),
	(92, 23, 'Department Clothing & Shoe Stores', '2023-04-11 09:45:58', '2023-04-11 11:13:48'),
	(93, 23, 'Drug & Health Stores', '2023-04-11 09:45:58', '2023-04-11 11:13:48'),
	(94, 23, 'Food & Beverage Stores', '2023-04-11 09:45:58', '2023-04-11 11:13:48'),
	(95, 23, 'General Merchandise & Superstores', '2023-04-11 09:45:58', '2023-04-11 11:13:48'),
	(96, 23, 'Gift, Novelty & Souvenir Stores', '2023-04-11 09:45:58', '2023-04-11 11:13:48'),
	(97, 23, 'Grocery Stores', '2023-04-11 09:45:58', '2023-04-11 11:13:48'),
	(98, 23, 'Home Furniture & Housewares Stores', '2023-04-11 09:45:58', '2023-04-11 11:13:48'),
	(99, 23, 'Media & Entertainment Stores', '2023-04-11 09:45:58', '2023-04-11 11:13:48'),
	(100, 23, 'Office Supply & Copy Stores', '2023-04-11 09:45:58', '2023-04-11 11:13:48'),
	(101, 23, 'Pet & Pet Supplies Stores', '2023-04-11 09:45:58', '2023-04-11 11:13:48'),
	(102, 23, 'Sporting Good Stores', '2023-04-11 09:45:58', '2023-04-11 11:13:48'),
	(103, 23, 'Toy & Hobby Stores', '2023-04-11 09:45:58', '2023-04-11 11:13:48'),
	(104, 23, 'Vehicle Dealers', '2023-04-11 09:45:58', '2023-04-11 11:13:48'),
	(105, 23, 'Wholesale', '2023-04-11 09:45:58', '2023-04-11 11:24:45'),
	(106, 25, 'Airlines, Airports & Air Transportation', '2023-04-11 09:45:58', '2023-04-11 11:24:45'),
	(107, 25, 'Car & Truck Rental', '2023-04-11 09:45:58', '2023-04-11 11:24:45'),
	(108, 25, 'Marine Tranportation', '2023-04-11 09:45:58', '2023-04-11 11:24:45'),
	(109, 25, 'Parking & Valet', '2023-04-11 09:45:58', '2023-04-11 11:24:45'),
	(110, 25, 'Rail Transportation', '2023-04-11 09:45:58', '2023-04-11 11:26:38'),
	(111, 25, 'Shipping & Trucking', '2023-04-11 09:45:58', '2023-04-11 11:26:38'),
	(112, 25, 'Taxi & Car Services', '2023-04-11 09:45:58', '2023-04-11 11:26:38'),
	(113, 25, 'Transportation Management', '2023-04-11 09:45:58', '2023-04-11 11:26:38');

-- Dumping structure for table almai_db.tbl_users
CREATE TABLE IF NOT EXISTS `tbl_users` (
  `user_id` int(11) NOT NULL AUTO_INCREMENT,
  `user_fullname` varchar(255) NOT NULL,
  `user_email` varchar(150) NOT NULL,
  `user_password` varchar(32) NOT NULL,
  `user_category` varchar(1) NOT NULL COMMENT 'A=Admin,E=Employer,S=Student/Alumni',
  `user_status` int(1) NOT NULL DEFAULT '0',
  `user_img` varchar(255) NOT NULL DEFAULT 'default_male.png',
  `created_at` datetime NOT NULL DEFAULT CURRENT_TIMESTAMP,
  `updated_at` datetime NOT NULL,
  PRIMARY KEY (`user_id`)
) ENGINE=InnoDB AUTO_INCREMENT=199 DEFAULT CHARSET=latin1;

-- Dumping data for table almai_db.tbl_users: ~198 rows (approximately)
INSERT INTO `tbl_users` (`user_id`, `user_fullname`, `user_email`, `user_password`, `user_category`, `user_status`, `user_img`, `created_at`, `updated_at`) VALUES
	(1, 'Admin', 'admin@gmail.com', '0cc175b9c0f1b6a831c399e269772661', 'A', 1, 'default_male.png', '2023-04-11 18:40:24', '0000-00-00 00:00:00'),
	(2, 'Joshua SandersMagsaysay', 'magsaysay.joshua@gmail.com', '0cc175b9c0f1b6a831c399e269772661', 'S', 1, 'default_male.png', '2023-04-21 15:23:10', '0000-00-00 00:00:00'),
	(3, 'Sean StewartMercado', 'mercado.sean@gmail.com', '0cc175b9c0f1b6a831c399e269772661', 'S', 1, 'default_male.png', '2023-04-21 15:23:10', '0000-00-00 00:00:00'),
	(4, 'Xavier JamesCastillo', 'castillo.xavier@gmail.com', '0cc175b9c0f1b6a831c399e269772661', 'S', 1, 'default_male.png', '2023-04-21 15:23:10', '0000-00-00 00:00:00'),
	(5, 'Ethan LopezAsuncion', 'asuncion.ethan@gmail.com', '0cc175b9c0f1b6a831c399e269772661', 'S', 1, 'default_male.png', '2023-04-21 15:23:10', '0000-00-00 00:00:00'),
	(6, 'Logan GrayRivera', 'rivera.logan@gmail.com', '0cc175b9c0f1b6a831c399e269772661', 'S', 1, 'default_male.png', '2023-04-21 15:23:10', '0000-00-00 00:00:00'),
	(7, 'Joseph HughesMallari', 'mallari.joseph@gmail.com', '0cc175b9c0f1b6a831c399e269772661', 'S', 1, 'default_male.png', '2023-04-21 15:23:11', '0000-00-00 00:00:00'),
	(8, 'David WalkerLagman', 'lagman.david@gmail.com', '0cc175b9c0f1b6a831c399e269772661', 'S', 1, 'default_male.png', '2023-04-21 15:23:11', '0000-00-00 00:00:00'),
	(9, 'Edward JamesMiranda', 'miranda.edward@gmail.com', '0cc175b9c0f1b6a831c399e269772661', 'S', 1, 'default_male.png', '2023-04-21 15:23:11', '0000-00-00 00:00:00'),
	(10, 'Ryan LewisBorromeo', 'borromeo.ryan@gmail.com', '0cc175b9c0f1b6a831c399e269772661', 'S', 1, 'default_male.png', '2023-04-21 15:23:11', '0000-00-00 00:00:00'),
	(11, 'James HillQuintos', 'quintos.james@gmail.com', '0cc175b9c0f1b6a831c399e269772661', 'S', 1, 'default_male.png', '2023-04-21 15:23:11', '0000-00-00 00:00:00'),
	(12, 'Jack TorresBorromeo', 'borromeo.jack@gmail.com', '0cc175b9c0f1b6a831c399e269772661', 'S', 1, 'default_male.png', '2023-04-21 15:23:11', '0000-00-00 00:00:00'),
	(13, 'Paul GreenMiranda', 'miranda.paul@gmail.com', '0cc175b9c0f1b6a831c399e269772661', 'S', 1, 'default_male.png', '2023-04-21 15:23:11', '0000-00-00 00:00:00'),
	(14, 'Samuel AndersonVillar', 'villar.samuel@gmail.com', '0cc175b9c0f1b6a831c399e269772661', 'S', 1, 'default_male.png', '2023-04-21 15:23:11', '0000-00-00 00:00:00'),
	(15, 'Joshua WalkerVelasquez', 'velasquez.joshua@gmail.com', '0cc175b9c0f1b6a831c399e269772661', 'S', 1, 'default_male.png', '2023-04-21 15:23:11', '0000-00-00 00:00:00'),
	(16, 'Kyle WashingtonTorres', 'torres.kyle@gmail.com', '0cc175b9c0f1b6a831c399e269772661', 'S', 1, 'default_male.png', '2023-04-21 15:23:11', '0000-00-00 00:00:00'),
	(17, 'George PowellLee', 'lee.george@gmail.com', '0cc175b9c0f1b6a831c399e269772661', 'S', 1, 'default_male.png', '2023-04-21 15:23:11', '0000-00-00 00:00:00'),
	(18, 'Timothy PhillipsSantos', 'santos.timothy@gmail.com', '0cc175b9c0f1b6a831c399e269772661', 'S', 1, 'default_male.png', '2023-04-21 15:23:11', '0000-00-00 00:00:00'),
	(19, 'Jesse WhiteCustodio', 'custodio.jesse@gmail.com', '0cc175b9c0f1b6a831c399e269772661', 'S', 1, 'default_male.png', '2023-04-21 15:23:11', '0000-00-00 00:00:00'),
	(20, 'Colin BarnesBorromeo', 'borromeo.colin@gmail.com', '0cc175b9c0f1b6a831c399e269772661', 'S', 1, 'default_male.png', '2023-04-21 15:23:11', '0000-00-00 00:00:00'),
	(21, 'Zachary LeeVillar', 'villar.zachary@gmail.com', '0cc175b9c0f1b6a831c399e269772661', 'S', 1, 'default_male.png', '2023-04-21 15:23:11', '0000-00-00 00:00:00'),
	(22, 'Oliver YoungVelasquez', 'velasquez.oliver@gmail.com', '0cc175b9c0f1b6a831c399e269772661', 'S', 1, 'default_male.png', '2023-04-21 15:23:11', '0000-00-00 00:00:00'),
	(23, 'Ethan BrownGuerrero', 'guerrero.ethan@gmail.com', '0cc175b9c0f1b6a831c399e269772661', 'S', 1, 'default_male.png', '2023-04-21 15:23:11', '0000-00-00 00:00:00'),
	(24, 'Zeke MillerSoriano', 'soriano.zeke@gmail.com', '0cc175b9c0f1b6a831c399e269772661', 'S', 1, 'default_male.png', '2023-04-21 15:23:11', '0000-00-00 00:00:00'),
	(25, 'Joshua RobertsVergara', 'vergara.joshua@gmail.com', '0cc175b9c0f1b6a831c399e269772661', 'S', 1, 'default_male.png', '2023-04-21 15:23:11', '0000-00-00 00:00:00'),
	(26, 'Jacob CoxQuintos', 'quintos.jacob@gmail.com', '0cc175b9c0f1b6a831c399e269772661', 'S', 1, 'default_male.png', '2023-04-21 15:23:11', '0000-00-00 00:00:00'),
	(27, 'Max ReyesMendoza', 'mendoza.max@gmail.com', '0cc175b9c0f1b6a831c399e269772661', 'S', 1, 'default_male.png', '2023-04-21 15:23:11', '0000-00-00 00:00:00'),
	(28, 'Eric BellAng', 'ang.eric@gmail.com', '0cc175b9c0f1b6a831c399e269772661', 'S', 1, 'default_male.png', '2023-04-21 15:23:11', '0000-00-00 00:00:00'),
	(29, 'Harrison ReyesChua', 'chua.harrison@gmail.com', '0cc175b9c0f1b6a831c399e269772661', 'S', 1, 'default_male.png', '2023-04-21 15:23:11', '0000-00-00 00:00:00'),
	(30, 'Scott PerezAquino', 'aquino.scott@gmail.com', '0cc175b9c0f1b6a831c399e269772661', 'S', 1, 'default_male.png', '2023-04-21 15:23:11', '0000-00-00 00:00:00'),
	(31, 'Jayden MitchellCarpio', 'carpio.jayden@gmail.com', '0cc175b9c0f1b6a831c399e269772661', 'S', 1, 'default_male.png', '2023-04-21 15:23:11', '0000-00-00 00:00:00'),
	(32, 'Steven HendersonCamba', 'camba.steven@gmail.com', '0cc175b9c0f1b6a831c399e269772661', 'S', 1, 'default_male.png', '2023-04-21 15:23:11', '0000-00-00 00:00:00'),
	(33, 'Nicholas PerryYap', 'yap.nicholas@gmail.com', '0cc175b9c0f1b6a831c399e269772661', 'S', 1, 'default_male.png', '2023-04-21 15:23:11', '0000-00-00 00:00:00'),
	(34, 'Matthew TorresCastro', 'castro.matthew@gmail.com', '0cc175b9c0f1b6a831c399e269772661', 'S', 1, 'default_male.png', '2023-04-21 15:23:11', '0000-00-00 00:00:00'),
	(35, 'Xavier YoungManuel', 'manuel.xavier@gmail.com', '0cc175b9c0f1b6a831c399e269772661', 'S', 1, 'default_male.png', '2023-04-21 15:23:11', '0000-00-00 00:00:00'),
	(36, 'Victor BarnesEstrella', 'estrella.victor@gmail.com', '0cc175b9c0f1b6a831c399e269772661', 'S', 1, 'default_male.png', '2023-04-21 15:23:11', '0000-00-00 00:00:00'),
	(37, 'Mark ReedAng', 'ang.mark@gmail.com', '0cc175b9c0f1b6a831c399e269772661', 'S', 1, 'default_male.png', '2023-04-21 15:23:11', '0000-00-00 00:00:00'),
	(38, 'Jordan HayesReyes', 'reyes.jordan@gmail.com', '0cc175b9c0f1b6a831c399e269772661', 'S', 1, 'default_male.png', '2023-04-21 15:23:11', '0000-00-00 00:00:00'),
	(39, 'Andrew RodriguezEnriquez', 'enriquez.andrew@gmail.com', '0cc175b9c0f1b6a831c399e269772661', 'S', 1, 'default_male.png', '2023-04-21 15:23:12', '0000-00-00 00:00:00'),
	(40, 'Max PowellDimaculangan', 'dimaculangan.max@gmail.com', '0cc175b9c0f1b6a831c399e269772661', 'S', 1, 'default_male.png', '2023-04-21 15:23:12', '0000-00-00 00:00:00'),
	(41, 'Jesse LongMagsaysay', 'magsaysay.jesse@gmail.com', '0cc175b9c0f1b6a831c399e269772661', 'S', 1, 'default_male.png', '2023-04-21 15:23:12', '0000-00-00 00:00:00'),
	(42, 'Alex TorresAlvarez', 'alvarez.alex@gmail.com', '0cc175b9c0f1b6a831c399e269772661', 'S', 1, 'default_male.png', '2023-04-21 15:23:12', '0000-00-00 00:00:00'),
	(43, 'Charles JamesDimaculangan', 'dimaculangan.charles@gmail.com', '0cc175b9c0f1b6a831c399e269772661', 'S', 1, 'default_male.png', '2023-04-21 15:23:12', '0000-00-00 00:00:00'),
	(44, 'Connor MurphyBautista', 'bautista.connor@gmail.com', '0cc175b9c0f1b6a831c399e269772661', 'S', 1, 'default_male.png', '2023-04-21 15:23:12', '0000-00-00 00:00:00'),
	(45, 'David BarnesBello', 'bello.david@gmail.com', '0cc175b9c0f1b6a831c399e269772661', 'S', 1, 'default_male.png', '2023-04-21 15:23:12', '0000-00-00 00:00:00'),
	(46, 'Jordan ParkerJavier', 'javier.jordan@gmail.com', '0cc175b9c0f1b6a831c399e269772661', 'S', 1, 'default_male.png', '2023-04-21 15:23:12', '0000-00-00 00:00:00'),
	(47, 'Daniel MorrisGuerrero', 'guerrero.daniel@gmail.com', '0cc175b9c0f1b6a831c399e269772661', 'S', 1, 'default_male.png', '2023-04-21 15:23:12', '0000-00-00 00:00:00'),
	(48, 'Timothy PetersonMarcelo', 'marcelo.timothy@gmail.com', '0cc175b9c0f1b6a831c399e269772661', 'S', 1, 'default_male.png', '2023-04-21 15:23:12', '0000-00-00 00:00:00'),
	(49, 'Connor JamesManila', 'manila.connor@gmail.com', '0cc175b9c0f1b6a831c399e269772661', 'S', 1, 'default_male.png', '2023-04-21 15:23:12', '0000-00-00 00:00:00'),
	(50, 'Edward MurphyAmador', 'amador.edward@gmail.com', '0cc175b9c0f1b6a831c399e269772661', 'S', 1, 'default_male.png', '2023-04-21 15:23:12', '0000-00-00 00:00:00'),
	(51, 'Richard NguyenEspino', 'espino.richard@gmail.com', '0cc175b9c0f1b6a831c399e269772661', 'S', 1, 'default_male.png', '2023-04-21 15:23:12', '0000-00-00 00:00:00'),
	(52, 'Jacob TaylorOcampo', 'ocampo.jacob@gmail.com', '0cc175b9c0f1b6a831c399e269772661', 'S', 1, 'default_male.png', '2023-04-21 15:23:12', '0000-00-00 00:00:00'),
	(53, 'Jonathan LongChua', 'chua.jonathan@gmail.com', '0cc175b9c0f1b6a831c399e269772661', 'S', 1, 'default_male.png', '2023-04-21 15:23:12', '0000-00-00 00:00:00'),
	(54, 'Tyler HernandezAng', 'ang.tyler@gmail.com', '0cc175b9c0f1b6a831c399e269772661', 'S', 1, 'default_male.png', '2023-04-21 15:23:12', '0000-00-00 00:00:00'),
	(55, 'George RobertsCustodio', 'custodio.george@gmail.com', '0cc175b9c0f1b6a831c399e269772661', 'S', 1, 'default_male.png', '2023-04-21 15:23:12', '0000-00-00 00:00:00'),
	(56, 'Paul RamirezLopez', 'lopez.paul@gmail.com', '0cc175b9c0f1b6a831c399e269772661', 'S', 1, 'default_male.png', '2023-04-21 15:23:12', '0000-00-00 00:00:00'),
	(57, 'Max MartinezQuintos', 'quintos.max@gmail.com', '0cc175b9c0f1b6a831c399e269772661', 'S', 1, 'default_male.png', '2023-04-21 15:23:12', '0000-00-00 00:00:00'),
	(58, 'Colin ParkerBernardo', 'bernardo.colin@gmail.com', '0cc175b9c0f1b6a831c399e269772661', 'S', 1, 'default_male.png', '2023-04-21 15:23:12', '0000-00-00 00:00:00'),
	(59, 'Derek SanchezMiranda', 'miranda.derek@gmail.com', '0cc175b9c0f1b6a831c399e269772661', 'S', 1, 'default_male.png', '2023-04-21 15:23:12', '0000-00-00 00:00:00'),
	(60, 'Colin NelsonManalo', 'manalo.colin@gmail.com', '0cc175b9c0f1b6a831c399e269772661', 'S', 1, 'default_male.png', '2023-04-21 15:23:12', '0000-00-00 00:00:00'),
	(61, 'Michael BennettBernardo', 'bernardo.michael@gmail.com', '0cc175b9c0f1b6a831c399e269772661', 'S', 1, 'default_male.png', '2023-04-21 15:23:12', '0000-00-00 00:00:00'),
	(62, 'Patrick BennettGarcia', 'garcia.patrick@gmail.com', '0cc175b9c0f1b6a831c399e269772661', 'S', 1, 'default_male.png', '2023-04-21 15:23:12', '0000-00-00 00:00:00'),
	(63, 'Kevin YoungLee', 'lee.kevin@gmail.com', '0cc175b9c0f1b6a831c399e269772661', 'S', 1, 'default_male.png', '2023-04-21 15:23:12', '0000-00-00 00:00:00'),
	(64, 'Timothy BakerRomero', 'romero.timothy@gmail.com', '0cc175b9c0f1b6a831c399e269772661', 'S', 1, 'default_male.png', '2023-04-21 15:23:12', '0000-00-00 00:00:00'),
	(65, 'Ethan BellAng', 'ang.ethan@gmail.com', '0cc175b9c0f1b6a831c399e269772661', 'S', 1, 'default_male.png', '2023-04-21 15:23:12', '0000-00-00 00:00:00'),
	(66, 'Brian HendersonLagman', 'lagman.brian@gmail.com', '0cc175b9c0f1b6a831c399e269772661', 'S', 1, 'default_male.png', '2023-04-21 15:23:12', '0000-00-00 00:00:00'),
	(67, 'Kevin HarrisAlvarez', 'alvarez.kevin@gmail.com', '0cc175b9c0f1b6a831c399e269772661', 'S', 1, 'default_male.png', '2023-04-21 15:23:12', '0000-00-00 00:00:00'),
	(68, 'Colin CruzTorres', 'torres.colin@gmail.com', '0cc175b9c0f1b6a831c399e269772661', 'S', 1, 'default_male.png', '2023-04-21 15:23:12', '0000-00-00 00:00:00'),
	(69, 'Jesse WilsonRobles', 'robles.jesse@gmail.com', '0cc175b9c0f1b6a831c399e269772661', 'S', 1, 'default_male.png', '2023-04-21 15:23:12', '0000-00-00 00:00:00'),
	(70, 'Derek MillerVelasquez', 'velasquez.derek@gmail.com', '0cc175b9c0f1b6a831c399e269772661', 'S', 1, 'default_male.png', '2023-04-21 15:23:12', '0000-00-00 00:00:00'),
	(71, 'James CruzMercado', 'mercado.james@gmail.com', '0cc175b9c0f1b6a831c399e269772661', 'S', 1, 'default_male.png', '2023-04-21 15:23:13', '0000-00-00 00:00:00'),
	(72, 'Brian JenkinsLopez', 'lopez.brian@gmail.com', '0cc175b9c0f1b6a831c399e269772661', 'S', 1, 'default_male.png', '2023-04-21 15:23:13', '0000-00-00 00:00:00'),
	(73, 'Trevor RamirezMarcelo', 'marcelo.trevor@gmail.com', '0cc175b9c0f1b6a831c399e269772661', 'S', 1, 'default_male.png', '2023-04-21 15:23:13', '0000-00-00 00:00:00'),
	(74, 'Jason WashingtonBernardo', 'bernardo.jason@gmail.com', '0cc175b9c0f1b6a831c399e269772661', 'S', 1, 'default_male.png', '2023-04-21 15:23:13', '0000-00-00 00:00:00'),
	(75, 'Jacob ThompsonTorres', 'torres.jacob@gmail.com', '0cc175b9c0f1b6a831c399e269772661', 'S', 1, 'default_male.png', '2023-04-21 15:23:13', '0000-00-00 00:00:00'),
	(76, 'Jacob PowellJavier', 'javier.jacob@gmail.com', '0cc175b9c0f1b6a831c399e269772661', 'S', 1, 'default_male.png', '2023-04-21 15:23:13', '0000-00-00 00:00:00'),
	(77, 'Jack JohnsonRodriguez', 'rodriguez.jack@gmail.com', '0cc175b9c0f1b6a831c399e269772661', 'S', 1, 'default_male.png', '2023-04-21 15:23:13', '0000-00-00 00:00:00'),
	(78, 'Jonathan FloresBorromeo', 'borromeo.jonathan@gmail.com', '0cc175b9c0f1b6a831c399e269772661', 'S', 1, 'default_male.png', '2023-04-21 15:23:13', '0000-00-00 00:00:00'),
	(79, 'Eric DavisLazaro', 'lazaro.eric@gmail.com', '0cc175b9c0f1b6a831c399e269772661', 'S', 1, 'default_male.png', '2023-04-21 15:23:13', '0000-00-00 00:00:00'),
	(80, 'Joshua TurnerFerrer', 'ferrer.joshua@gmail.com', '0cc175b9c0f1b6a831c399e269772661', 'S', 1, 'default_male.png', '2023-04-21 15:23:13', '0000-00-00 00:00:00'),
	(81, 'Andrew BrooksFerrer', 'ferrer.andrew@gmail.com', '0cc175b9c0f1b6a831c399e269772661', 'S', 1, 'default_male.png', '2023-04-21 15:23:13', '0000-00-00 00:00:00'),
	(82, 'John ReyesVillar', 'villar.john@gmail.com', '0cc175b9c0f1b6a831c399e269772661', 'S', 1, 'default_male.png', '2023-04-21 15:23:13', '0000-00-00 00:00:00'),
	(83, 'Samuel BrownManalo', 'manalo.samuel@gmail.com', '0cc175b9c0f1b6a831c399e269772661', 'S', 1, 'default_male.png', '2023-04-21 15:23:13', '0000-00-00 00:00:00'),
	(84, 'Dylan BakerTan', 'tan.dylan@gmail.com', '0cc175b9c0f1b6a831c399e269772661', 'S', 1, 'default_male.png', '2023-04-21 15:23:13', '0000-00-00 00:00:00'),
	(85, 'Lucas MorganAbella', 'abella.lucas@gmail.com', '0cc175b9c0f1b6a831c399e269772661', 'S', 1, 'default_male.png', '2023-04-21 15:23:13', '0000-00-00 00:00:00'),
	(86, 'Thomas JamesCarpio', 'carpio.thomas@gmail.com', '0cc175b9c0f1b6a831c399e269772661', 'S', 1, 'default_male.png', '2023-04-21 15:23:13', '0000-00-00 00:00:00'),
	(87, 'Matthew JonesBuenaventura', 'buenaventura.matthew@gmail.com', '0cc175b9c0f1b6a831c399e269772661', 'S', 1, 'default_male.png', '2023-04-21 15:23:13', '0000-00-00 00:00:00'),
	(88, 'Max WilsonGuerrero', 'guerrero.max@gmail.com', '0cc175b9c0f1b6a831c399e269772661', 'S', 1, 'default_male.png', '2023-04-21 15:23:13', '0000-00-00 00:00:00'),
	(89, 'Ryan MillerFrancisco', 'francisco.ryan@gmail.com', '0cc175b9c0f1b6a831c399e269772661', 'S', 1, 'default_male.png', '2023-04-21 15:23:13', '0000-00-00 00:00:00'),
	(90, 'Jack EdwardsYee', 'yee.jack@gmail.com', '0cc175b9c0f1b6a831c399e269772661', 'S', 1, 'default_male.png', '2023-04-21 15:23:13', '0000-00-00 00:00:00'),
	(91, 'Joseph YoungReyes', 'reyes.joseph@gmail.com', '0cc175b9c0f1b6a831c399e269772661', 'S', 1, 'default_male.png', '2023-04-21 15:23:13', '0000-00-00 00:00:00'),
	(92, 'Miles RussellSilva', 'silva.miles@gmail.com', '0cc175b9c0f1b6a831c399e269772661', 'S', 1, 'default_male.png', '2023-04-21 15:23:13', '0000-00-00 00:00:00'),
	(93, 'Zachary TorresDuran', 'duran.zachary@gmail.com', '0cc175b9c0f1b6a831c399e269772661', 'S', 1, 'default_male.png', '2023-04-21 15:23:13', '0000-00-00 00:00:00'),
	(94, 'Owen HayesCapistrano', 'capistrano.owen@gmail.com', '0cc175b9c0f1b6a831c399e269772661', 'S', 1, 'default_male.png', '2023-04-21 15:23:13', '0000-00-00 00:00:00'),
	(95, 'Philip TaylorSantos', 'santos.philip@gmail.com', '0cc175b9c0f1b6a831c399e269772661', 'S', 1, 'default_male.png', '2023-04-21 15:23:13', '0000-00-00 00:00:00'),
	(96, 'Jason JonesAsuncion', 'asuncion.jason@gmail.com', '0cc175b9c0f1b6a831c399e269772661', 'S', 1, 'default_male.png', '2023-04-21 15:23:13', '0000-00-00 00:00:00'),
	(97, 'Miles GonzalezCapistrano', 'capistrano.miles@gmail.com', '0cc175b9c0f1b6a831c399e269772661', 'S', 1, 'default_male.png', '2023-04-21 15:23:13', '0000-00-00 00:00:00'),
	(98, 'Derek RiveraDimaculangan', 'dimaculangan.derek@gmail.com', '0cc175b9c0f1b6a831c399e269772661', 'S', 1, 'default_male.png', '2023-04-21 15:23:13', '0000-00-00 00:00:00'),
	(99, 'Peter DiazUy', 'uy.peter@gmail.com', '0cc175b9c0f1b6a831c399e269772661', 'S', 1, 'default_male.png', '2023-04-21 15:23:13', '0000-00-00 00:00:00'),
	(100, 'Charles PerryCaballero', 'caballero.charles@gmail.com', '0cc175b9c0f1b6a831c399e269772661', 'S', 1, 'default_male.png', '2023-04-21 15:23:13', '0000-00-00 00:00:00'),
	(101, 'Trevor CooperRamos', 'ramos.trevor@gmail.com', '0cc175b9c0f1b6a831c399e269772661', 'S', 1, 'default_male.png', '2023-04-21 15:23:13', '0000-00-00 00:00:00'),
	(102, 'Kevin FloresRivera', 'rivera.kevin@gmail.com', '0cc175b9c0f1b6a831c399e269772661', 'S', 1, 'default_male.png', '2023-04-21 15:23:13', '0000-00-00 00:00:00'),
	(103, 'Raymond HallVillanueva', 'villanueva.raymond@gmail.com', '0cc175b9c0f1b6a831c399e269772661', 'S', 1, 'default_male.png', '2023-04-21 15:23:14', '0000-00-00 00:00:00'),
	(104, 'Joseph HallCastillo', 'castillo.joseph@gmail.com', '0cc175b9c0f1b6a831c399e269772661', 'S', 1, 'default_male.png', '2023-04-21 15:23:14', '0000-00-00 00:00:00'),
	(105, 'Luke LewisAng', 'ang.luke@gmail.com', '0cc175b9c0f1b6a831c399e269772661', 'S', 1, 'default_male.png', '2023-04-21 15:23:14', '0000-00-00 00:00:00'),
	(106, 'David AllenMagsaysay', 'magsaysay.david@gmail.com', '0cc175b9c0f1b6a831c399e269772661', 'S', 1, 'default_male.png', '2023-04-21 15:23:14', '0000-00-00 00:00:00'),
	(107, 'Travis CoxCustodio', 'custodio.travis@gmail.com', '0cc175b9c0f1b6a831c399e269772661', 'S', 1, 'default_male.png', '2023-04-21 15:23:14', '0000-00-00 00:00:00'),
	(108, 'Adam KingFrancisco', 'francisco.adam@gmail.com', '0cc175b9c0f1b6a831c399e269772661', 'S', 1, 'default_male.png', '2023-04-21 15:23:14', '0000-00-00 00:00:00'),
	(109, 'Oliver MorganBorromeo', 'borromeo.oliver@gmail.com', '0cc175b9c0f1b6a831c399e269772661', 'S', 1, 'default_male.png', '2023-04-21 15:23:14', '0000-00-00 00:00:00'),
	(110, 'Oliver AdamsCaballero', 'caballero.oliver@gmail.com', '0cc175b9c0f1b6a831c399e269772661', 'S', 1, 'default_male.png', '2023-04-21 15:23:14', '0000-00-00 00:00:00'),
	(111, 'Harrison JenkinsUy', 'uy.harrison@gmail.com', '0cc175b9c0f1b6a831c399e269772661', 'S', 1, 'default_male.png', '2023-04-21 15:23:14', '0000-00-00 00:00:00'),
	(112, 'Brandon CooperSantos', 'santos.brandon@gmail.com', '0cc175b9c0f1b6a831c399e269772661', 'S', 1, 'default_male.png', '2023-04-21 15:23:14', '0000-00-00 00:00:00'),
	(113, 'Justin NguyenCruz', 'cruz.justin@gmail.com', '0cc175b9c0f1b6a831c399e269772661', 'S', 1, 'default_male.png', '2023-04-21 15:23:14', '0000-00-00 00:00:00'),
	(114, 'Anthony NguyenReyes', 'reyes.anthony@gmail.com', '0cc175b9c0f1b6a831c399e269772661', 'S', 1, 'default_male.png', '2023-04-21 15:23:14', '0000-00-00 00:00:00'),
	(115, 'Owen CarterRobles', 'robles.owen@gmail.com', '0cc175b9c0f1b6a831c399e269772661', 'S', 1, 'default_male.png', '2023-04-21 15:23:14', '0000-00-00 00:00:00'),
	(116, 'David BaileyOcampo', 'ocampo.david@gmail.com', '0cc175b9c0f1b6a831c399e269772661', 'S', 1, 'default_male.png', '2023-04-21 15:23:14', '0000-00-00 00:00:00'),
	(117, 'Patrick GrayReyes', 'reyes.patrick@gmail.com', '0cc175b9c0f1b6a831c399e269772661', 'S', 1, 'default_male.png', '2023-04-21 15:23:14', '0000-00-00 00:00:00'),
	(118, 'Derek ParkerAsuncion', 'asuncion.derek@gmail.com', '0cc175b9c0f1b6a831c399e269772661', 'S', 1, 'default_male.png', '2023-04-21 15:23:14', '0000-00-00 00:00:00'),
	(119, 'Samuel BaileySoriano', 'soriano.samuel@gmail.com', '0cc175b9c0f1b6a831c399e269772661', 'S', 1, 'default_male.png', '2023-04-21 15:23:14', '0000-00-00 00:00:00'),
	(120, 'Vincent WilsonMarquez', 'marquez.vincent@gmail.com', '0cc175b9c0f1b6a831c399e269772661', 'S', 1, 'default_male.png', '2023-04-21 15:23:14', '0000-00-00 00:00:00'),
	(121, 'Jordan CruzEstrella', 'estrella.jordan@gmail.com', '0cc175b9c0f1b6a831c399e269772661', 'S', 1, 'default_male.png', '2023-04-21 15:23:14', '0000-00-00 00:00:00'),
	(122, 'Christopher GonzalezEnriquez', 'enriquez.christopher@gmail.com', '0cc175b9c0f1b6a831c399e269772661', 'S', 1, 'default_male.png', '2023-04-21 15:23:14', '0000-00-00 00:00:00'),
	(123, 'Raymond WrightEspino', 'espino.raymond@gmail.com', '0cc175b9c0f1b6a831c399e269772661', 'S', 1, 'default_male.png', '2023-04-21 15:23:14', '0000-00-00 00:00:00'),
	(124, 'Scott JonesSoriano', 'soriano.scott@gmail.com', '0cc175b9c0f1b6a831c399e269772661', 'S', 1, 'default_male.png', '2023-04-21 15:23:14', '0000-00-00 00:00:00'),
	(125, 'Xavier JohnsonPerez', 'perez.xavier@gmail.com', '0cc175b9c0f1b6a831c399e269772661', 'S', 1, 'default_male.png', '2023-04-21 15:23:14', '0000-00-00 00:00:00'),
	(126, 'Alex LeeDimaculangan', 'dimaculangan.alex@gmail.com', '0cc175b9c0f1b6a831c399e269772661', 'S', 1, 'default_male.png', '2023-04-21 15:23:14', '0000-00-00 00:00:00'),
	(127, 'Kevin GrayBello', 'bello.kevin@gmail.com', '0cc175b9c0f1b6a831c399e269772661', 'S', 1, 'default_male.png', '2023-04-21 15:23:14', '0000-00-00 00:00:00'),
	(128, 'Kevin WalkerManila', 'manila.kevin@gmail.com', '0cc175b9c0f1b6a831c399e269772661', 'S', 1, 'default_male.png', '2023-04-21 15:23:14', '0000-00-00 00:00:00'),
	(129, 'Isaac HughesMallari', 'mallari.isaac@gmail.com', '0cc175b9c0f1b6a831c399e269772661', 'S', 1, 'default_male.png', '2023-04-21 15:23:14', '0000-00-00 00:00:00'),
	(130, 'Jonathan CampbellLopez', 'lopez.jonathan@gmail.com', '0cc175b9c0f1b6a831c399e269772661', 'S', 1, 'default_male.png', '2023-04-21 15:23:14', '0000-00-00 00:00:00'),
	(131, 'Daniel HallPerez', 'perez.daniel@gmail.com', '0cc175b9c0f1b6a831c399e269772661', 'S', 1, 'default_male.png', '2023-04-21 15:23:14', '0000-00-00 00:00:00'),
	(132, 'Ryan BrownDela Peña', 'dela peña.ryan@gmail.com', '0cc175b9c0f1b6a831c399e269772661', 'S', 1, 'default_male.png', '2023-04-21 15:23:14', '0000-00-00 00:00:00'),
	(133, 'Henry ReedDomingo', 'domingo.henry@gmail.com', '0cc175b9c0f1b6a831c399e269772661', 'S', 1, 'default_male.png', '2023-04-21 15:23:14', '0000-00-00 00:00:00'),
	(134, 'Henry CruzNavarro', 'navarro.henry@gmail.com', '0cc175b9c0f1b6a831c399e269772661', 'S', 1, 'default_male.png', '2023-04-21 15:23:15', '0000-00-00 00:00:00'),
	(135, 'Harrison LeePerez', 'perez.harrison@gmail.com', '0cc175b9c0f1b6a831c399e269772661', 'S', 1, 'default_male.png', '2023-04-21 15:23:15', '0000-00-00 00:00:00'),
	(136, 'Seth WoodBernardo', 'bernardo.seth@gmail.com', '0cc175b9c0f1b6a831c399e269772661', 'S', 1, 'default_male.png', '2023-04-21 15:23:15', '0000-00-00 00:00:00'),
	(137, 'Joshua BarnesManalo', 'manalo.joshua@gmail.com', '0cc175b9c0f1b6a831c399e269772661', 'S', 1, 'default_male.png', '2023-04-21 15:23:15', '0000-00-00 00:00:00'),
	(138, 'Elijah PerezSilva', 'silva.elijah@gmail.com', '0cc175b9c0f1b6a831c399e269772661', 'S', 1, 'default_male.png', '2023-04-21 15:23:15', '0000-00-00 00:00:00'),
	(139, 'Jason YoungPerez', 'perez.jason@gmail.com', '0cc175b9c0f1b6a831c399e269772661', 'S', 1, 'default_male.png', '2023-04-21 15:23:15', '0000-00-00 00:00:00'),
	(140, 'Max WoodEscalante', 'escalante.max@gmail.com', '0cc175b9c0f1b6a831c399e269772661', 'S', 1, 'default_male.png', '2023-04-21 15:23:15', '0000-00-00 00:00:00'),
	(141, 'Alex AdamsMallari', 'mallari.alex@gmail.com', '0cc175b9c0f1b6a831c399e269772661', 'S', 1, 'default_male.png', '2023-04-21 15:23:15', '0000-00-00 00:00:00'),
	(142, 'Justin PerryMallari', 'mallari.justin@gmail.com', '0cc175b9c0f1b6a831c399e269772661', 'S', 1, 'default_male.png', '2023-04-21 15:23:15', '0000-00-00 00:00:00'),
	(143, 'Colin CampbellAng', 'ang.colin@gmail.com', '0cc175b9c0f1b6a831c399e269772661', 'S', 1, 'default_male.png', '2023-04-21 15:23:15', '0000-00-00 00:00:00'),
	(144, 'Zachary RichardsonEscalante', 'escalante.zachary@gmail.com', '0cc175b9c0f1b6a831c399e269772661', 'S', 1, 'default_male.png', '2023-04-21 15:23:15', '0000-00-00 00:00:00'),
	(145, 'Ethan LeeAquino', 'aquino.ethan@gmail.com', '0cc175b9c0f1b6a831c399e269772661', 'S', 1, 'default_male.png', '2023-04-21 15:23:15', '0000-00-00 00:00:00'),
	(146, 'Isaac KellyDela Rosa', 'dela rosa.isaac@gmail.com', '0cc175b9c0f1b6a831c399e269772661', 'S', 1, 'default_male.png', '2023-04-21 15:23:15', '0000-00-00 00:00:00'),
	(147, 'Seth AndersonMarquez', 'marquez.seth@gmail.com', '0cc175b9c0f1b6a831c399e269772661', 'S', 1, 'default_male.png', '2023-04-21 15:23:15', '0000-00-00 00:00:00'),
	(148, 'Joseph ScottTolentino', 'tolentino.joseph@gmail.com', '0cc175b9c0f1b6a831c399e269772661', 'S', 1, 'default_male.png', '2023-04-21 15:23:15', '0000-00-00 00:00:00'),
	(149, 'Timothy GarciaAlvarez', 'alvarez.timothy@gmail.com', '0cc175b9c0f1b6a831c399e269772661', 'S', 1, 'default_male.png', '2023-04-21 15:23:15', '0000-00-00 00:00:00'),
	(150, 'Eric MitchellBernardo', 'bernardo.eric@gmail.com', '0cc175b9c0f1b6a831c399e269772661', 'S', 1, 'default_male.png', '2023-04-21 15:23:15', '0000-00-00 00:00:00'),
	(151, 'Noah GarciaNavarro', 'navarro.noah@gmail.com', '0cc175b9c0f1b6a831c399e269772661', 'S', 1, 'default_male.png', '2023-04-21 15:23:15', '0000-00-00 00:00:00'),
	(152, 'Lucas PattersonPascual', 'pascual.lucas@gmail.com', '0cc175b9c0f1b6a831c399e269772661', 'S', 1, 'default_male.png', '2023-04-21 15:23:15', '0000-00-00 00:00:00'),
	(153, 'Max TaylorCapistrano', 'capistrano.max@gmail.com', '0cc175b9c0f1b6a831c399e269772661', 'S', 1, 'default_male.png', '2023-04-21 15:23:15', '0000-00-00 00:00:00'),
	(154, 'Charles DavisLacson', 'lacson.charles@gmail.com', '0cc175b9c0f1b6a831c399e269772661', 'S', 1, 'default_male.png', '2023-04-21 15:23:15', '0000-00-00 00:00:00'),
	(155, 'Jayden EdwardsAndrada', 'andrada.jayden@gmail.com', '0cc175b9c0f1b6a831c399e269772661', 'S', 1, 'default_male.png', '2023-04-21 15:23:15', '0000-00-00 00:00:00'),
	(156, 'Trevor HowardMagsaysay', 'magsaysay.trevor@gmail.com', '0cc175b9c0f1b6a831c399e269772661', 'S', 1, 'default_male.png', '2023-04-21 15:23:15', '0000-00-00 00:00:00'),
	(157, 'Cameron DavisBuenaventura', 'buenaventura.cameron@gmail.com', '0cc175b9c0f1b6a831c399e269772661', 'S', 1, 'default_male.png', '2023-04-21 15:23:15', '0000-00-00 00:00:00'),
	(158, 'Anthony HarrisonAmador', 'amador.anthony@gmail.com', '0cc175b9c0f1b6a831c399e269772661', 'S', 1, 'default_male.png', '2023-04-21 15:23:15', '0000-00-00 00:00:00'),
	(159, 'Sean LewisTan', 'tan.sean@gmail.com', '0cc175b9c0f1b6a831c399e269772661', 'S', 1, 'default_male.png', '2023-04-21 15:23:15', '0000-00-00 00:00:00'),
	(160, 'Daniel FloresAbella', 'abella.daniel@gmail.com', '0cc175b9c0f1b6a831c399e269772661', 'S', 1, 'default_male.png', '2023-04-21 15:23:15', '0000-00-00 00:00:00'),
	(161, 'Jeffrey CooperCarpio', 'carpio.jeffrey@gmail.com', '0cc175b9c0f1b6a831c399e269772661', 'S', 1, 'default_male.png', '2023-04-21 15:23:15', '0000-00-00 00:00:00'),
	(162, 'Nathan CollinsCaballero', 'caballero.nathan@gmail.com', '0cc175b9c0f1b6a831c399e269772661', 'S', 1, 'default_male.png', '2023-04-21 15:23:15', '0000-00-00 00:00:00'),
	(163, 'Richard RiveraSarmiento', 'sarmiento.richard@gmail.com', '0cc175b9c0f1b6a831c399e269772661', 'S', 1, 'default_male.png', '2023-04-21 15:23:15', '0000-00-00 00:00:00'),
	(164, 'George RamirezGarcia', 'garcia.george@gmail.com', '0cc175b9c0f1b6a831c399e269772661', 'S', 1, 'default_male.png', '2023-04-21 15:23:15', '0000-00-00 00:00:00'),
	(165, 'Benjamin PerezMacapagal', 'macapagal.benjamin@gmail.com', '0cc175b9c0f1b6a831c399e269772661', 'S', 1, 'default_male.png', '2023-04-21 15:23:15', '0000-00-00 00:00:00'),
	(166, 'Jeffrey ClarkDela Peña', 'dela peña.jeffrey@gmail.com', '0cc175b9c0f1b6a831c399e269772661', 'S', 1, 'default_male.png', '2023-04-21 15:23:16', '0000-00-00 00:00:00'),
	(167, 'Benjamin ReyesBernardo', 'bernardo.benjamin@gmail.com', '0cc175b9c0f1b6a831c399e269772661', 'S', 1, 'default_male.png', '2023-04-21 15:23:16', '0000-00-00 00:00:00'),
	(168, 'Jayden RamirezRivera', 'rivera.jayden@gmail.com', '0cc175b9c0f1b6a831c399e269772661', 'S', 1, 'default_male.png', '2023-04-21 15:23:16', '0000-00-00 00:00:00'),
	(169, 'Owen DiazMarquez', 'marquez.owen@gmail.com', '0cc175b9c0f1b6a831c399e269772661', 'S', 1, 'default_male.png', '2023-04-21 15:23:16', '0000-00-00 00:00:00'),
	(170, 'Wesley ParkerAndrada', 'andrada.wesley@gmail.com', '0cc175b9c0f1b6a831c399e269772661', 'S', 1, 'default_male.png', '2023-04-21 15:23:16', '0000-00-00 00:00:00'),
	(171, 'Michael HarrisonVillanueva', 'villanueva.michael@gmail.com', '0cc175b9c0f1b6a831c399e269772661', 'S', 1, 'default_male.png', '2023-04-21 15:23:16', '0000-00-00 00:00:00'),
	(172, 'Jeremy CollinsBello', 'bello.jeremy@gmail.com', '0cc175b9c0f1b6a831c399e269772661', 'S', 1, 'default_male.png', '2023-04-21 15:23:16', '0000-00-00 00:00:00'),
	(173, 'Steven MooreTolentino', 'tolentino.steven@gmail.com', '0cc175b9c0f1b6a831c399e269772661', 'S', 1, 'default_male.png', '2023-04-21 15:23:16', '0000-00-00 00:00:00'),
	(174, 'Peter SmithFerrer', 'ferrer.peter@gmail.com', '0cc175b9c0f1b6a831c399e269772661', 'S', 1, 'default_male.png', '2023-04-21 15:23:16', '0000-00-00 00:00:00'),
	(175, 'Nicholas MillerPanganiban', 'panganiban.nicholas@gmail.com', '0cc175b9c0f1b6a831c399e269772661', 'S', 1, 'default_male.png', '2023-04-21 15:23:16', '0000-00-00 00:00:00'),
	(176, 'Travis SandersEstrella', 'estrella.travis@gmail.com', '0cc175b9c0f1b6a831c399e269772661', 'S', 1, 'default_male.png', '2023-04-21 15:23:16', '0000-00-00 00:00:00'),
	(177, 'Edward NelsonMendoza', 'mendoza.edward@gmail.com', '0cc175b9c0f1b6a831c399e269772661', 'S', 1, 'default_male.png', '2023-04-21 15:23:16', '0000-00-00 00:00:00'),
	(178, 'Eric JenkinsChua', 'chua.eric@gmail.com', '0cc175b9c0f1b6a831c399e269772661', 'S', 1, 'default_male.png', '2023-04-21 15:23:16', '0000-00-00 00:00:00'),
	(179, 'Zachary WrightBello', 'bello.zachary@gmail.com', '0cc175b9c0f1b6a831c399e269772661', 'S', 1, 'default_male.png', '2023-04-21 15:23:16', '0000-00-00 00:00:00'),
	(180, 'Seth HernandezOng', 'ong.seth@gmail.com', '0cc175b9c0f1b6a831c399e269772661', 'S', 1, 'default_male.png', '2023-04-21 15:23:16', '0000-00-00 00:00:00'),
	(181, 'Edward HowardVillanueva', 'villanueva.edward@gmail.com', '0cc175b9c0f1b6a831c399e269772661', 'S', 1, 'default_male.png', '2023-04-21 15:23:16', '0000-00-00 00:00:00'),
	(182, 'Robert EdwardsHernandez', 'hernandez.robert@gmail.com', '0cc175b9c0f1b6a831c399e269772661', 'S', 1, 'default_male.png', '2023-04-21 15:23:16', '0000-00-00 00:00:00'),
	(183, 'Wesley RossFrancisco', 'francisco.wesley@gmail.com', '0cc175b9c0f1b6a831c399e269772661', 'S', 1, 'default_male.png', '2023-04-21 15:23:16', '0000-00-00 00:00:00'),
	(184, 'Jason TorresRobles', 'robles.jason@gmail.com', '0cc175b9c0f1b6a831c399e269772661', 'S', 1, 'default_male.png', '2023-04-21 15:23:16', '0000-00-00 00:00:00'),
	(185, 'Colin BennettLazaro', 'lazaro.colin@gmail.com', '0cc175b9c0f1b6a831c399e269772661', 'S', 1, 'default_male.png', '2023-04-21 15:23:16', '0000-00-00 00:00:00'),
	(186, 'Cameron WrightRomero', 'romero.cameron@gmail.com', '0cc175b9c0f1b6a831c399e269772661', 'S', 1, 'default_male.png', '2023-04-21 15:23:16', '0000-00-00 00:00:00'),
	(187, 'Timothy HernandezEstrella', 'estrella.timothy@gmail.com', '0cc175b9c0f1b6a831c399e269772661', 'S', 1, 'default_male.png', '2023-04-21 15:23:16', '0000-00-00 00:00:00'),
	(188, 'Christopher RussellOrtega', 'ortega.christopher@gmail.com', '0cc175b9c0f1b6a831c399e269772661', 'S', 1, 'default_male.png', '2023-04-21 15:23:16', '0000-00-00 00:00:00'),
	(189, 'Austin KingIbanez', 'ibanez.austin@gmail.com', '0cc175b9c0f1b6a831c399e269772661', 'S', 1, 'default_male.png', '2023-04-21 15:23:16', '0000-00-00 00:00:00'),
	(190, 'Philip FosterBuenaventura', 'buenaventura.philip@gmail.com', '0cc175b9c0f1b6a831c399e269772661', 'S', 1, 'default_male.png', '2023-04-21 15:23:16', '0000-00-00 00:00:00'),
	(191, 'Eric StewartCabrera', 'cabrera.eric@gmail.com', '0cc175b9c0f1b6a831c399e269772661', 'S', 1, 'default_male.png', '2023-04-21 15:23:16', '0000-00-00 00:00:00'),
	(192, 'Luke JonesSarmiento', 'sarmiento.luke@gmail.com', '0cc175b9c0f1b6a831c399e269772661', 'S', 1, 'default_male.png', '2023-04-21 15:23:16', '0000-00-00 00:00:00'),
	(193, 'Isaac RiveraAmador', 'amador.isaac@gmail.com', '0cc175b9c0f1b6a831c399e269772661', 'S', 1, 'default_male.png', '2023-04-21 15:23:16', '0000-00-00 00:00:00'),
	(194, 'John BarnesLagman', 'lagman.john@gmail.com', '0cc175b9c0f1b6a831c399e269772661', 'S', 1, 'default_male.png', '2023-04-21 15:23:16', '0000-00-00 00:00:00'),
	(195, 'Derek BrownBernardo', 'bernardo.derek@gmail.com', '0cc175b9c0f1b6a831c399e269772661', 'S', 1, 'default_male.png', '2023-04-21 15:23:16', '0000-00-00 00:00:00'),
	(196, 'Jesse ClarkNavarro', 'navarro.jesse@gmail.com', '0cc175b9c0f1b6a831c399e269772661', 'S', 1, 'default_male.png', '2023-04-21 15:23:16', '0000-00-00 00:00:00'),
	(197, 'Derek FloresFajardo', 'fajardo.derek@gmail.com', '0cc175b9c0f1b6a831c399e269772661', 'S', 1, 'default_male.png', '2023-04-21 15:23:17', '0000-00-00 00:00:00'),
	(198, 'Austin CookChua', 'chua.austin@gmail.com', '0cc175b9c0f1b6a831c399e269772661', 'S', 1, 'default_male.png', '2023-04-21 15:23:17', '0000-00-00 00:00:00');

-- Dumping structure for table almai_db.tbl_work_achievements
CREATE TABLE IF NOT EXISTS `tbl_work_achievements` (
  `achievements_id` int(11) NOT NULL AUTO_INCREMENT,
  `work_exp_id` int(11) NOT NULL,
  `achievement_name` text NOT NULL,
  `to_delete` int(1) NOT NULL DEFAULT '0',
  `created_at` datetime NOT NULL DEFAULT CURRENT_TIMESTAMP,
  `updated_at` datetime NOT NULL DEFAULT '0000-00-00 00:00:00' ON UPDATE CURRENT_TIMESTAMP,
  PRIMARY KEY (`achievements_id`)
) ENGINE=InnoDB DEFAULT CHARSET=latin1;

-- Dumping data for table almai_db.tbl_work_achievements: ~0 rows (approximately)

-- Dumping structure for table almai_db.tbl_work_experiences
CREATE TABLE IF NOT EXISTS `tbl_work_experiences` (
  `work_exp_id` int(11) NOT NULL AUTO_INCREMENT,
  `company_name` varchar(255) NOT NULL,
  `company_address` varchar(150) DEFAULT NULL,
  `job_title` varchar(255) NOT NULL,
  `date_hired` varchar(7) NOT NULL,
  `date_resigned` varchar(7) DEFAULT NULL,
  `created_at` datetime NOT NULL DEFAULT CURRENT_TIMESTAMP,
  `updated_at` datetime NOT NULL,
  `currently_worked` int(1) NOT NULL,
  `alumni_id` int(11) NOT NULL,
  PRIMARY KEY (`work_exp_id`)
) ENGINE=InnoDB AUTO_INCREMENT=198 DEFAULT CHARSET=latin1;

-- Dumping data for table almai_db.tbl_work_experiences: ~197 rows (approximately)
INSERT INTO `tbl_work_experiences` (`work_exp_id`, `company_name`, `company_address`, `job_title`, `date_hired`, `date_resigned`, `created_at`, `updated_at`, `currently_worked`, `alumni_id`) VALUES
	(1, 'Century Properties Group, Inc.', NULL, 'Agricultural Engineer', '2020-8-', NULL, '2023-04-21 15:23:10', '0000-00-00 00:00:00', 1, 1),
	(2, 'D&L Industries, Inc.', NULL, 'Aquaculture Technician', '2018-5-', NULL, '2023-04-21 15:23:10', '0000-00-00 00:00:00', 1, 2),
	(3, 'Aboitiz Power Corporation', NULL, 'Aquaculture Technician', '2017-6-', NULL, '2023-04-21 15:23:10', '0000-00-00 00:00:00', 1, 3),
	(4, 'Meralco PowerGen Corporation Power Supply Services', NULL, 'Agricultural Economist', '2014-12', NULL, '2023-04-21 15:23:10', '0000-00-00 00:00:00', 1, 4),
	(5, 'EEI Corporation', NULL, 'Animal Scientist', '2005-11', NULL, '2023-04-21 15:23:10', '0000-00-00 00:00:00', 1, 5),
	(6, 'ATN Holdings, Inc.', NULL, 'Forest Ranger', '2000-10', NULL, '2023-04-21 15:23:11', '0000-00-00 00:00:00', 1, 6),
	(7, 'Globe Telecom, Inc.', NULL, 'Technical Writer', '2003-5-', NULL, '2023-04-21 15:23:11', '0000-00-00 00:00:00', 1, 7),
	(8, 'GMA Network, Inc.', NULL, 'Quality Control Inspector', '2022-9-', NULL, '2023-04-21 15:23:11', '0000-00-00 00:00:00', 1, 8),
	(9, 'Philippine Airlines (PAL)', NULL, 'Animal Scientist', '2000-4-', NULL, '2023-04-21 15:23:11', '0000-00-00 00:00:00', 1, 9),
	(10, 'ABS-CBN Global', NULL, 'Operations Assistant', '2006-11', NULL, '2023-04-21 15:23:11', '0000-00-00 00:00:00', 1, 10),
	(11, 'Petron Corporation', NULL, 'Conservationist', '2016-9-', NULL, '2023-04-21 15:23:11', '0000-00-00 00:00:00', 1, 11),
	(12, 'China Banking Corporation (China Bank)', NULL, 'Farm Manager', '2005-10', NULL, '2023-04-21 15:23:11', '0000-00-00 00:00:00', 1, 12),
	(13, 'GMA Network, Inc.', NULL, 'Agricultural Inspector', '2002-9-', NULL, '2023-04-21 15:23:11', '0000-00-00 00:00:00', 1, 13),
	(14, 'Avida Land', NULL, 'Operations Assistant', '2013-5-', NULL, '2023-04-21 15:23:11', '0000-00-00 00:00:00', 1, 14),
	(15, 'San Miguel Corporation', NULL, 'Human Resources Assistant', '2012-10', NULL, '2023-04-21 15:23:11', '0000-00-00 00:00:00', 1, 15),
	(16, 'Meralco Power Academy, Inc.', NULL, 'Soil Scientist', '2009-3-', NULL, '2023-04-21 15:23:11', '0000-00-00 00:00:00', 1, 16),
	(17, 'East West Banking Corporation (EastWest Bank)', NULL, 'Data Analyst', '2021-7-', NULL, '2023-04-21 15:23:11', '0000-00-00 00:00:00', 1, 17),
	(18, 'Meralco PowerGen Corporation Renewable Energy', NULL, 'Inventory Control Specialist', '2003-10', NULL, '2023-04-21 15:23:11', '0000-00-00 00:00:00', 1, 18),
	(19, 'Land Bank of the Philippines', NULL, 'Purchasing Assistant', '2017-4-', NULL, '2023-04-21 15:23:11', '0000-00-00 00:00:00', 1, 19),
	(20, 'Ginebra San Miguel, Inc.', NULL, 'Project Coordinator', '2022-12', NULL, '2023-04-21 15:23:11', '0000-00-00 00:00:00', 1, 20),
	(21, 'LT Group, Inc.', NULL, 'Agricultural Extension Worker', '2022-3-', NULL, '2023-04-21 15:23:11', '0000-00-00 00:00:00', 1, 21),
	(22, 'China Banking Corporation (China Bank)', NULL, 'Inventory Control Specialist', '2018-6-', NULL, '2023-04-21 15:23:11', '0000-00-00 00:00:00', 1, 22),
	(23, 'EEI Corporation', NULL, 'Sales Representative', '2002-7-', NULL, '2023-04-21 15:23:11', '0000-00-00 00:00:00', 1, 23),
	(24, 'BPI-Philam Life Assurance Corporation', NULL, 'Sales Representative', '2000-12', NULL, '2023-04-21 15:23:11', '0000-00-00 00:00:00', 1, 24),
	(25, 'Vivant Corporation', NULL, 'Research Assistant', '2001-4-', NULL, '2023-04-21 15:23:11', '0000-00-00 00:00:00', 1, 25),
	(26, 'Filinvest Development Corporation', NULL, 'Logistics Coordinator', '2007-4-', NULL, '2023-04-21 15:23:11', '0000-00-00 00:00:00', 1, 26),
	(27, 'Meralco Industrial Engineering Services Corporation (MIESCOR)', NULL, 'Marketing Assistant', '2020-8-', NULL, '2023-04-21 15:23:11', '0000-00-00 00:00:00', 1, 27),
	(28, 'China Banking Corporation (China Bank)', NULL, 'Supply Chain Coordinator', '2009-6-', NULL, '2023-04-21 15:23:11', '0000-00-00 00:00:00', 1, 28),
	(29, 'ABS-CBN Corporation', NULL, 'Computer Technician', '2019-8-', NULL, '2023-04-21 15:23:11', '0000-00-00 00:00:00', 1, 29),
	(30, 'International Container Terminal Services, Inc. (ICTSI)', NULL, 'Human Resources Assistant', '2015-1-', NULL, '2023-04-21 15:23:11', '0000-00-00 00:00:00', 1, 30),
	(31, 'Bank of the Philippine Islands (BPI)', NULL, 'Project Coordinator', '2017-2-', NULL, '2023-04-21 15:23:11', '0000-00-00 00:00:00', 1, 31),
	(32, 'Meralco PowerGen Corporation Thermal', NULL, 'Agricultural Scientist', '2007-12', NULL, '2023-04-21 15:23:11', '0000-00-00 00:00:00', 1, 32),
	(33, 'Manila Electric Company (Meralco)', NULL, 'Purchasing Assistant', '2023-2-', NULL, '2023-04-21 15:23:11', '0000-00-00 00:00:00', 1, 33),
	(34, 'Meralco PowerGen Corporation Power Generation Services', NULL, 'Supply Chain Coordinator', '2003-6-', NULL, '2023-04-21 15:23:11', '0000-00-00 00:00:00', 1, 34),
	(35, 'San Miguel Yamamura Packaging Corporation', NULL, 'Supply Chain Coordinator', '2009-2-', NULL, '2023-04-21 15:23:11', '0000-00-00 00:00:00', 1, 35),
	(36, 'Globe Telecom, Inc.', NULL, 'Logistics Coordinator', '2005-5-', NULL, '2023-04-21 15:23:11', '0000-00-00 00:00:00', 1, 36),
	(37, 'Meralco Industrial Engineering Services Corporation (MIESCOR)', NULL, 'Aquaculture Technician', '2009-4-', NULL, '2023-04-21 15:23:12', '0000-00-00 00:00:00', 1, 37),
	(38, 'Meralco Industrial Engineering Services Corporation (MIESCOR)', NULL, 'Farm Manager', '2014-7-', NULL, '2023-04-21 15:23:12', '0000-00-00 00:00:00', 1, 38),
	(39, 'Avida Land', NULL, 'Farm Manager', '2001-8-', NULL, '2023-04-21 15:23:12', '0000-00-00 00:00:00', 1, 39),
	(40, 'Philippine National Bank (PNB)', NULL, 'Financial Analyst', '2019-3-', NULL, '2023-04-21 15:23:12', '0000-00-00 00:00:00', 1, 40),
	(41, 'Robinsons Retail Holdings, Inc.', NULL, 'Data Analyst', '2011-9-', NULL, '2023-04-21 15:23:12', '0000-00-00 00:00:00', 1, 41),
	(42, 'Jollibee Foods Corporation', NULL, 'Administrative Assistant', '2002-7-', NULL, '2023-04-21 15:23:12', '0000-00-00 00:00:00', 1, 42),
	(43, 'BPI-Philam Life Assurance Corporation', NULL, 'Marketing Assistant', '2014-5-', NULL, '2023-04-21 15:23:12', '0000-00-00 00:00:00', 1, 43),
	(44, 'Holcim Philippines, Inc.', NULL, 'Agricultural Extension Worker', '2022-4-', NULL, '2023-04-21 15:23:12', '0000-00-00 00:00:00', 1, 44),
	(45, 'Manila Electric Company (Meralco)', NULL, 'Soil Scientist', '2023-9-', NULL, '2023-04-21 15:23:12', '0000-00-00 00:00:00', 1, 45),
	(46, 'Globe Telecom, Inc.', NULL, 'Computer Technician', '2016-11', NULL, '2023-04-21 15:23:12', '0000-00-00 00:00:00', 1, 46),
	(47, 'Eton Properties Philippines, Inc.', NULL, 'Animal Scientist', '2012-7-', NULL, '2023-04-21 15:23:12', '0000-00-00 00:00:00', 1, 47),
	(48, 'San Miguel Corporation', NULL, 'Fisheries Technician', '2022-2-', NULL, '2023-04-21 15:23:12', '0000-00-00 00:00:00', 1, 48),
	(49, 'Land Bank of the Philippines', NULL, 'Inventory Control Specialist', '2019-5-', NULL, '2023-04-21 15:23:12', '0000-00-00 00:00:00', 1, 49),
	(50, 'Meralco Power Academy, Inc.', NULL, 'Soil Scientist', '2000-12', NULL, '2023-04-21 15:23:12', '0000-00-00 00:00:00', 1, 50),
	(51, 'Araneta Group', NULL, 'Soil Scientist', '2019-5-', NULL, '2023-04-21 15:23:12', '0000-00-00 00:00:00', 1, 51),
	(52, 'Ayala Healthcare Holdings, Inc.', NULL, 'Quality Control Inspector', '2009-1-', NULL, '2023-04-21 15:23:12', '0000-00-00 00:00:00', 1, 52),
	(53, 'Petron Corporation', NULL, 'Agricultural Scientist', '2011-10', NULL, '2023-04-21 15:23:12', '0000-00-00 00:00:00', 1, 53),
	(54, 'Ginebra San Miguel, Inc.', NULL, 'Data Analyst', '2011-1-', NULL, '2023-04-21 15:23:12', '0000-00-00 00:00:00', 1, 54),
	(55, 'D&L Industries, Inc.', NULL, 'Supply Chain Coordinator', '2023-12', NULL, '2023-04-21 15:23:12', '0000-00-00 00:00:00', 1, 55),
	(56, 'Meralco Industrial Engineering Services Corporation (MIESCOR)', NULL, 'Web Developer', '2017-9-', NULL, '2023-04-21 15:23:12', '0000-00-00 00:00:00', 1, 56),
	(57, 'SM Investments Corporation', NULL, 'Forest Ranger', '2018-12', NULL, '2023-04-21 15:23:12', '0000-00-00 00:00:00', 1, 57),
	(58, 'Meralco PowerGen Corporation Power Generation Services', NULL, 'Financial Analyst', '2010-2-', NULL, '2023-04-21 15:23:12', '0000-00-00 00:00:00', 1, 58),
	(59, 'Meralco PowerGen Corporation Thermal', NULL, 'Research Assistant', '2014-8-', NULL, '2023-04-21 15:23:12', '0000-00-00 00:00:00', 1, 59),
	(60, 'Meralco PowerGen Corporation Power Trading', NULL, 'Technical Writer', '2007-4-', NULL, '2023-04-21 15:23:12', '0000-00-00 00:00:00', 1, 60),
	(61, 'Filinvest Development Corporation', NULL, 'Logistics Coordinator', '2009-1-', NULL, '2023-04-21 15:23:12', '0000-00-00 00:00:00', 1, 61),
	(62, 'East West Banking Corporation (EastWest Bank)', NULL, 'Technical Writer', '2005-1-', NULL, '2023-04-21 15:23:12', '0000-00-00 00:00:00', 1, 62),
	(63, 'BDO Unibank, Inc.', NULL, 'Fish and Game Warden', '2010-12', NULL, '2023-04-21 15:23:12', '0000-00-00 00:00:00', 1, 63),
	(64, 'EEI Corporation', NULL, 'Forest Ranger', '2005-10', NULL, '2023-04-21 15:23:12', '0000-00-00 00:00:00', 1, 64),
	(65, 'Eton Properties Philippines, Inc.', NULL, 'Logistics Coordinator', '2016-1-', NULL, '2023-04-21 15:23:12', '0000-00-00 00:00:00', 1, 65),
	(66, 'Ayala Healthcare Holdings, Inc.', NULL, 'Supply Chain Coordinator', '2010-9-', NULL, '2023-04-21 15:23:12', '0000-00-00 00:00:00', 1, 66),
	(67, 'East West Banking Corporation (EastWest Bank)', NULL, 'Quality Control Inspector', '2004-1-', NULL, '2023-04-21 15:23:12', '0000-00-00 00:00:00', 1, 67),
	(68, 'San Miguel Corporation', NULL, 'Accounting Clerk', '2001-1-', NULL, '2023-04-21 15:23:12', '0000-00-00 00:00:00', 1, 68),
	(69, 'First Philippine Holdings Corporation', NULL, 'Operations Assistant', '2005-9-', NULL, '2023-04-21 15:23:13', '0000-00-00 00:00:00', 1, 69),
	(70, 'Meralco PowerGen Corporation Thermal', NULL, 'Food Scientist', '2019-1-', NULL, '2023-04-21 15:23:13', '0000-00-00 00:00:00', 1, 70),
	(71, 'Meralco PowerGen Corporation', NULL, 'Web Developer', '2018-8-', NULL, '2023-04-21 15:23:13', '0000-00-00 00:00:00', 1, 71),
	(72, 'Robinsons Land Corporation', NULL, 'Horticulturist', '2014-12', NULL, '2023-04-21 15:23:13', '0000-00-00 00:00:00', 1, 72),
	(73, 'Semirara Mining and Power Corporation', NULL, 'Quality Control Inspector', '2017-3-', NULL, '2023-04-21 15:23:13', '0000-00-00 00:00:00', 1, 73),
	(74, 'Philippine National Bank (PNB)', NULL, 'Data Analyst', '2007-5-', NULL, '2023-04-21 15:23:13', '0000-00-00 00:00:00', 1, 74),
	(75, 'Meralco PowerGen Corporation Power Distribution', NULL, 'Web Developer', '2005-7-', NULL, '2023-04-21 15:23:13', '0000-00-00 00:00:00', 1, 75),
	(76, 'Meralco PowerGen Corporation', NULL, 'Agricultural Inspector', '2010-7-', NULL, '2023-04-21 15:23:13', '0000-00-00 00:00:00', 1, 76),
	(77, 'East West Banking Corporation (EastWest Bank)', NULL, 'Soil Scientist', '2000-12', NULL, '2023-04-21 15:23:13', '0000-00-00 00:00:00', 1, 77),
	(78, 'Globe Telecom, Inc.', NULL, 'Supply Chain Coordinator', '2016-7-', NULL, '2023-04-21 15:23:13', '0000-00-00 00:00:00', 1, 78),
	(79, 'International Container Terminal Services, Inc. (ICTSI)', NULL, 'Horticulturist', '2010-5-', NULL, '2023-04-21 15:23:13', '0000-00-00 00:00:00', 1, 79),
	(80, 'Manila Water Company, Inc.', NULL, 'Agricultural Economist', '2016-10', NULL, '2023-04-21 15:23:13', '0000-00-00 00:00:00', 1, 80),
	(81, 'Araneta Group', NULL, 'Computer Technician', '2003-2-', NULL, '2023-04-21 15:23:13', '0000-00-00 00:00:00', 1, 81),
	(82, 'Asia United Bank (AUB)', NULL, 'Financial Analyst', '2003-5-', NULL, '2023-04-21 15:23:13', '0000-00-00 00:00:00', 1, 82),
	(83, 'Meralco PowerGen Corporation Renewable Energy', NULL, 'Horticulturist', '2020-10', NULL, '2023-04-21 15:23:13', '0000-00-00 00:00:00', 1, 83),
	(84, 'Alaska Milk Corporation', NULL, 'Logistics Coordinator', '2008-12', NULL, '2023-04-21 15:23:13', '0000-00-00 00:00:00', 1, 84),
	(85, 'Ginebra San Miguel, Inc.', NULL, 'Aquaculture Technician', '2019-4-', NULL, '2023-04-21 15:23:13', '0000-00-00 00:00:00', 1, 85),
	(86, 'Century Properties Group, Inc.', NULL, 'Sales Representative', '2016-2-', NULL, '2023-04-21 15:23:13', '0000-00-00 00:00:00', 1, 86),
	(87, 'Concepcion Industrial Corporation (CIC)', NULL, 'Inventory Control Specialist', '2009-5-', NULL, '2023-04-21 15:23:13', '0000-00-00 00:00:00', 1, 87),
	(88, 'ABS-CBN Corporation', NULL, 'Farm Manager', '2008-6-', NULL, '2023-04-21 15:23:13', '0000-00-00 00:00:00', 1, 88),
	(89, 'Robinsons Retail Holdings, Inc.', NULL, 'Data Analyst', '2014-10', NULL, '2023-04-21 15:23:13', '0000-00-00 00:00:00', 1, 89),
	(90, 'International Container Terminal Services, Inc. (ICTSI)', NULL, 'Agricultural Extension Worker', '2014-1-', NULL, '2023-04-21 15:23:13', '0000-00-00 00:00:00', 1, 90),
	(91, 'DMCI Holdings, Inc.', NULL, 'Marketing Assistant', '2001-6-', NULL, '2023-04-21 15:23:13', '0000-00-00 00:00:00', 1, 91),
	(92, 'Bureau of Internal Revenue (BIR)', NULL, 'Accounting Clerk', '2014-5-', NULL, '2023-04-21 15:23:13', '0000-00-00 00:00:00', 1, 92),
	(93, 'Petron Corporation', NULL, 'Quality Control Inspector', '2010-6-', NULL, '2023-04-21 15:23:13', '0000-00-00 00:00:00', 1, 93),
	(94, 'BDO Unibank, Inc.', NULL, 'Financial Analyst', '2007-5-', NULL, '2023-04-21 15:23:13', '0000-00-00 00:00:00', 1, 94),
	(95, 'Meralco Industrial Engineering Services Corporation (MIESCOR)', NULL, 'Accounting Clerk', '2008-4-', NULL, '2023-04-21 15:23:13', '0000-00-00 00:00:00', 1, 95),
	(96, 'Land Bank of the Philippines', NULL, 'Animal Scientist', '2010-11', NULL, '2023-04-21 15:23:13', '0000-00-00 00:00:00', 1, 96),
	(97, 'East West Banking Corporation (EastWest Bank)', NULL, 'Logistics Coordinator', '2002-8-', NULL, '2023-04-21 15:23:13', '0000-00-00 00:00:00', 1, 97),
	(98, 'Cebu Pacific Air', NULL, 'Financial Analyst', '2008-10', NULL, '2023-04-21 15:23:13', '0000-00-00 00:00:00', 1, 98),
	(99, 'DMCI Holdings, Inc.', NULL, 'Aquaculture Technician', '2017-11', NULL, '2023-04-21 15:23:13', '0000-00-00 00:00:00', 1, 99),
	(100, 'Meralco PowerGen Corporation Thermal', NULL, 'Sales Representative', '2009-7-', NULL, '2023-04-21 15:23:13', '0000-00-00 00:00:00', 1, 100),
	(101, 'SM Prime Holdings, Inc.', NULL, 'Web Developer', '2018-7-', NULL, '2023-04-21 15:23:14', '0000-00-00 00:00:00', 1, 101),
	(102, 'China National Building Material Company Limited', NULL, 'Sales Representative', '2007-8-', NULL, '2023-04-21 15:23:14', '0000-00-00 00:00:00', 1, 102),
	(103, 'ATN Holdings, Inc.', NULL, 'Research Assistant', '2009-10', NULL, '2023-04-21 15:23:14', '0000-00-00 00:00:00', 1, 103),
	(104, 'Globe Telecom, Inc.', NULL, 'Administrative Assistant', '2011-5-', NULL, '2023-04-21 15:23:14', '0000-00-00 00:00:00', 1, 104),
	(105, 'SM Prime Holdings, Inc.', NULL, 'Logistics Coordinator', '2000-5-', NULL, '2023-04-21 15:23:14', '0000-00-00 00:00:00', 1, 105),
	(106, 'SM Investments Corporation', NULL, 'Laboratory Technician', '2015-1-', NULL, '2023-04-21 15:23:14', '0000-00-00 00:00:00', 1, 106),
	(107, 'Energy Development Corporation (EDC)', NULL, 'Food Scientist', '2007-10', NULL, '2023-04-21 15:23:14', '0000-00-00 00:00:00', 1, 107),
	(108, 'EEI Corporation', NULL, 'Technical Writer', '2015-3-', NULL, '2023-04-21 15:23:14', '0000-00-00 00:00:00', 1, 108),
	(109, 'International Container Terminal Services, Inc. (ICTSI)', NULL, 'Computer Technician', '2019-7-', NULL, '2023-04-21 15:23:14', '0000-00-00 00:00:00', 1, 109),
	(110, 'Manila Electric Company (Meralco)', NULL, 'Agricultural Scientist', '2023-6-', NULL, '2023-04-21 15:23:14', '0000-00-00 00:00:00', 1, 110),
	(111, 'Aboitiz Equity Ventures, Inc.', NULL, 'Operations Assistant', '2016-8-', NULL, '2023-04-21 15:23:14', '0000-00-00 00:00:00', 1, 111),
	(112, 'Meralco PowerGen Corporation Power Trading', NULL, 'Purchasing Assistant', '2000-12', NULL, '2023-04-21 15:23:14', '0000-00-00 00:00:00', 1, 112),
	(113, 'Bureau of Internal Revenue (BIR)', NULL, 'Food Scientist', '2009-2-', NULL, '2023-04-21 15:23:14', '0000-00-00 00:00:00', 1, 113),
	(114, 'Ayala Healthcare Holdings, Inc.', NULL, 'Forest Ranger', '2002-2-', NULL, '2023-04-21 15:23:14', '0000-00-00 00:00:00', 1, 114),
	(115, 'Meralco Industrial Engineering Services Corporation (MIESCOR)', NULL, 'Fish and Game Warden', '2011-12', NULL, '2023-04-21 15:23:14', '0000-00-00 00:00:00', 1, 115),
	(116, 'Manila Water Company, Inc.', NULL, 'Agricultural Inspector', '2007-12', NULL, '2023-04-21 15:23:14', '0000-00-00 00:00:00', 1, 116),
	(117, 'Ginebra San Miguel, Inc.', NULL, 'Food Scientist', '2004-3-', NULL, '2023-04-21 15:23:14', '0000-00-00 00:00:00', 1, 117),
	(118, 'First Philippine Holdings Corporation', NULL, 'Research Assistant', '2013-5-', NULL, '2023-04-21 15:23:14', '0000-00-00 00:00:00', 1, 118),
	(119, 'San Miguel Yamamura Packaging Corporation', NULL, 'Operations Assistant', '2016-11', NULL, '2023-04-21 15:23:14', '0000-00-00 00:00:00', 1, 119),
	(120, 'Meralco Energy, Inc.', NULL, 'Computer Technician', '2007-11', NULL, '2023-04-21 15:23:14', '0000-00-00 00:00:00', 1, 120),
	(121, 'SGS Philippines, Inc.', NULL, 'Technical Writer', '2010-12', NULL, '2023-04-21 15:23:14', '0000-00-00 00:00:00', 1, 121),
	(122, 'First Gen Corporation', NULL, 'Laboratory Technician', '2008-3-', NULL, '2023-04-21 15:23:14', '0000-00-00 00:00:00', 1, 122),
	(123, 'Meralco Foundation, Inc.', NULL, 'Human Resources Assistant', '2001-12', NULL, '2023-04-21 15:23:14', '0000-00-00 00:00:00', 1, 123),
	(124, 'Manila Water Company, Inc.', NULL, 'Fisheries Technician', '2020-10', NULL, '2023-04-21 15:23:14', '0000-00-00 00:00:00', 1, 124),
	(125, 'Meralco Industrial Engineering Services Corporation (MIESCOR)', NULL, 'Supply Chain Coordinator', '2020-3-', NULL, '2023-04-21 15:23:14', '0000-00-00 00:00:00', 1, 125),
	(126, 'ABS-CBN Corporation', NULL, 'Computer Technician', '2017-10', NULL, '2023-04-21 15:23:14', '0000-00-00 00:00:00', 1, 126),
	(127, 'Holcim Philippines, Inc.', NULL, 'Human Resources Assistant', '2013-2-', NULL, '2023-04-21 15:23:14', '0000-00-00 00:00:00', 1, 127),
	(128, 'ABS-CBN Corporation', NULL, 'Human Resources Assistant', '2020-12', NULL, '2023-04-21 15:23:14', '0000-00-00 00:00:00', 1, 128),
	(129, 'Puregold Price Club, Inc.', NULL, 'Supply Chain Coordinator', '2006-10', NULL, '2023-04-21 15:23:14', '0000-00-00 00:00:00', 1, 129),
	(130, 'Meralco PowerGen Corporation Renewable Energy', NULL, 'Agricultural Inspector', '2007-8-', NULL, '2023-04-21 15:23:14', '0000-00-00 00:00:00', 1, 130),
	(131, 'Puregold Price Club, Inc.', NULL, 'Financial Analyst', '2021-3-', NULL, '2023-04-21 15:23:14', '0000-00-00 00:00:00', 1, 131),
	(132, 'SM Investments Corporation', NULL, 'Quality Control Inspector', '2015-6-', NULL, '2023-04-21 15:23:14', '0000-00-00 00:00:00', 1, 132),
	(133, 'Robinsons Land Corporation', NULL, 'Forest Ranger', '2014-10', NULL, '2023-04-21 15:23:15', '0000-00-00 00:00:00', 1, 133),
	(134, 'SM Investments Corporation', NULL, 'Customer Service Representative', '2018-7-', NULL, '2023-04-21 15:23:15', '0000-00-00 00:00:00', 1, 134),
	(135, 'Holcim Philippines, Inc.', NULL, 'Purchasing Assistant', '2015-4-', NULL, '2023-04-21 15:23:15', '0000-00-00 00:00:00', 1, 135),
	(136, 'Meralco PowerGen Corporation Power Distribution', NULL, 'Food Scientist', '2022-9-', NULL, '2023-04-21 15:23:15', '0000-00-00 00:00:00', 1, 136),
	(137, 'Eton Properties Philippines, Inc.', NULL, 'Aquaculture Technician', '2012-4-', NULL, '2023-04-21 15:23:15', '0000-00-00 00:00:00', 1, 137),
	(138, 'First Gen Corporation', NULL, 'Soil Scientist', '2018-3-', NULL, '2023-04-21 15:23:15', '0000-00-00 00:00:00', 1, 138),
	(139, 'Energy Development Corporation (EDC)', NULL, 'Supply Chain Coordinator', '2013-5-', NULL, '2023-04-21 15:23:15', '0000-00-00 00:00:00', 1, 139),
	(140, 'Ayala Healthcare Holdings, Inc.', NULL, 'Customer Service Representative', '2004-4-', NULL, '2023-04-21 15:23:15', '0000-00-00 00:00:00', 1, 140),
	(141, 'BPI-Philam Life Assurance Corporation', NULL, 'Quality Control Inspector', '2019-1-', NULL, '2023-04-21 15:23:15', '0000-00-00 00:00:00', 1, 141),
	(142, 'Robinsons Land Corporation', NULL, 'Customer Service Representative', '2023-8-', NULL, '2023-04-21 15:23:15', '0000-00-00 00:00:00', 1, 142),
	(143, 'GMA Network, Inc.', NULL, 'Financial Analyst', '2020-1-', NULL, '2023-04-21 15:23:15', '0000-00-00 00:00:00', 1, 143),
	(144, 'Jollibee Foods Corporation', NULL, 'Supply Chain Coordinator', '2013-2-', NULL, '2023-04-21 15:23:15', '0000-00-00 00:00:00', 1, 144),
	(145, 'First Gen Corporation', NULL, 'Food Scientist', '2022-6-', NULL, '2023-04-21 15:23:15', '0000-00-00 00:00:00', 1, 145),
	(146, 'Philippine National Bank (PNB)', NULL, 'Agricultural Engineer', '2013-6-', NULL, '2023-04-21 15:23:15', '0000-00-00 00:00:00', 1, 146),
	(147, 'Meralco PowerGen Corporation', NULL, 'Accounting Clerk', '2014-6-', NULL, '2023-04-21 15:23:15', '0000-00-00 00:00:00', 1, 147),
	(148, 'SM Investments Corporation', NULL, 'Technical Writer', '2008-8-', NULL, '2023-04-21 15:23:15', '0000-00-00 00:00:00', 1, 148),
	(149, 'East West Banking Corporation (EastWest Bank)', NULL, 'Agricultural Extension Worker', '2006-1-', NULL, '2023-04-21 15:23:15', '0000-00-00 00:00:00', 1, 149),
	(150, 'Meralco Ventures, Inc.', NULL, 'Financial Analyst', '2019-9-', NULL, '2023-04-21 15:23:15', '0000-00-00 00:00:00', 1, 150),
	(151, 'Meralco Foundation, Inc.', NULL, 'Aquaculture Technician', '2016-11', NULL, '2023-04-21 15:23:15', '0000-00-00 00:00:00', 1, 151),
	(152, 'Ayala Land, Inc.', NULL, 'Aquaculture Technician', '2013-7-', NULL, '2023-04-21 15:23:15', '0000-00-00 00:00:00', 1, 152),
	(153, 'Meralco PowerGen Corporation Utility Services', NULL, 'Financial Analyst', '2023-4-', NULL, '2023-04-21 15:23:15', '0000-00-00 00:00:00', 1, 153),
	(154, 'Philippine Long Distance Telephone Company (PLDT)', NULL, 'Conservationist', '2014-12', NULL, '2023-04-21 15:23:15', '0000-00-00 00:00:00', 1, 154),
	(155, 'China National Building Material Company Limited', NULL, 'Food Scientist', '2016-5-', NULL, '2023-04-21 15:23:15', '0000-00-00 00:00:00', 1, 155),
	(156, 'International Container Terminal Services, Inc. (ICTSI)', NULL, 'Agricultural Scientist', '2007-1-', NULL, '2023-04-21 15:23:15', '0000-00-00 00:00:00', 1, 156),
	(157, 'GMA Network, Inc.', NULL, 'Agricultural Scientist', '2016-1-', NULL, '2023-04-21 15:23:15', '0000-00-00 00:00:00', 1, 157),
	(158, 'Ayala Healthcare Holdings, Inc.', NULL, 'Financial Analyst', '2007-10', NULL, '2023-04-21 15:23:15', '0000-00-00 00:00:00', 1, 158),
	(159, 'Avida Land', NULL, 'Supply Chain Coordinator', '2004-1-', NULL, '2023-04-21 15:23:15', '0000-00-00 00:00:00', 1, 159),
	(160, 'Meralco PowerGen Corporation', NULL, 'Web Developer', '2006-7-', NULL, '2023-04-21 15:23:15', '0000-00-00 00:00:00', 1, 160),
	(161, 'Meralco PowerGen Corporation Utility Services', NULL, 'Agricultural Inspector', '2013-12', NULL, '2023-04-21 15:23:15', '0000-00-00 00:00:00', 1, 161),
	(162, 'Ayala Land, Inc.', NULL, 'Project Coordinator', '2014-11', NULL, '2023-04-21 15:23:15', '0000-00-00 00:00:00', 1, 162),
	(163, 'Meralco PowerGen Corporation Utility Services', NULL, 'Animal Scientist', '2010-5-', NULL, '2023-04-21 15:23:15', '0000-00-00 00:00:00', 1, 163),
	(164, 'Meralco PowerGen Corporation Power Supply Services', NULL, 'Technical Writer', '2009-3-', NULL, '2023-04-21 15:23:16', '0000-00-00 00:00:00', 1, 164),
	(165, 'SM Investments Corporation', NULL, 'Aquaculture Technician', '2007-2-', NULL, '2023-04-21 15:23:16', '0000-00-00 00:00:00', 1, 165),
	(166, 'Meralco PowerGen Corporation Power Solutions', NULL, 'Forest Ranger', '2009-3-', NULL, '2023-04-21 15:23:16', '0000-00-00 00:00:00', 1, 166),
	(167, 'Meralco PowerGen Corporation Power Generation Services', NULL, 'Food Scientist', '2000-10', NULL, '2023-04-21 15:23:16', '0000-00-00 00:00:00', 1, 167),
	(168, 'Avida Land', NULL, 'Conservationist', '2010-2-', NULL, '2023-04-21 15:23:16', '0000-00-00 00:00:00', 1, 168),
	(169, 'Meralco Power Academy, Inc.', NULL, 'Food Scientist', '2001-11', NULL, '2023-04-21 15:23:16', '0000-00-00 00:00:00', 1, 169),
	(170, 'Meralco Power Academy, Inc.', NULL, 'Horticulturist', '2017-11', NULL, '2023-04-21 15:23:16', '0000-00-00 00:00:00', 1, 170),
	(171, 'Meralco PowerGen Corporation Technical Services', NULL, 'Fisheries Technician', '2017-11', NULL, '2023-04-21 15:23:16', '0000-00-00 00:00:00', 1, 171),
	(172, 'Philippine Long Distance Telephone Company (PLDT)', NULL, 'Logistics Coordinator', '2022-3-', NULL, '2023-04-21 15:23:16', '0000-00-00 00:00:00', 1, 172),
	(173, 'Avida Land', NULL, 'Soil Scientist', '2013-3-', NULL, '2023-04-21 15:23:16', '0000-00-00 00:00:00', 1, 173),
	(174, 'Vivant Corporation', NULL, 'Research Assistant', '2005-2-', NULL, '2023-04-21 15:23:16', '0000-00-00 00:00:00', 1, 174),
	(175, 'Ayala Corporation', NULL, 'Sales Representative', '2006-4-', NULL, '2023-04-21 15:23:16', '0000-00-00 00:00:00', 1, 175),
	(176, 'Bureau of Internal Revenue (BIR)', NULL, 'Data Analyst', '2020-7-', NULL, '2023-04-21 15:23:16', '0000-00-00 00:00:00', 1, 176),
	(177, 'Philippine Airlines (PAL)', NULL, 'Quality Control Inspector', '2016-7-', NULL, '2023-04-21 15:23:16', '0000-00-00 00:00:00', 1, 177),
	(178, 'Bureau of Internal Revenue (BIR)', NULL, 'Agricultural Extension Worker', '2017-4-', NULL, '2023-04-21 15:23:16', '0000-00-00 00:00:00', 1, 178),
	(179, 'International Container Terminal Services, Inc. (ICTSI)', NULL, 'Financial Analyst', '2003-7-', NULL, '2023-04-21 15:23:16', '0000-00-00 00:00:00', 1, 179),
	(180, 'Asia United Bank (AUB)', NULL, 'Fish and Game Warden', '2000-1-', NULL, '2023-04-21 15:23:16', '0000-00-00 00:00:00', 1, 180),
	(181, 'Meralco PowerGen Corporation Technical Services', NULL, 'Fish and Game Warden', '2023-7-', NULL, '2023-04-21 15:23:16', '0000-00-00 00:00:00', 1, 181),
	(182, 'BPI-Philam Life Assurance Corporation', NULL, 'Supply Chain Coordinator', '2003-4-', NULL, '2023-04-21 15:23:16', '0000-00-00 00:00:00', 1, 182),
	(183, 'Philippine National Bank (PNB)', NULL, 'Purchasing Assistant', '2017-8-', NULL, '2023-04-21 15:23:16', '0000-00-00 00:00:00', 1, 183),
	(184, 'Araneta Group', NULL, 'Project Coordinator', '2011-9-', NULL, '2023-04-21 15:23:16', '0000-00-00 00:00:00', 1, 184),
	(185, 'Meralco PowerGen Corporation Thermal', NULL, 'Project Coordinator', '2013-9-', NULL, '2023-04-21 15:23:16', '0000-00-00 00:00:00', 1, 185),
	(186, 'SM Investments Corporation', NULL, 'Research Assistant', '2022-6-', NULL, '2023-04-21 15:23:16', '0000-00-00 00:00:00', 1, 186),
	(187, 'Meralco PowerGen Corporation Thermal', NULL, 'Administrative Assistant', '2006-11', NULL, '2023-04-21 15:23:16', '0000-00-00 00:00:00', 1, 187),
	(188, 'Meralco Industrial Engineering Services Corporation (MIESCOR)', NULL, 'Human Resources Assistant', '2018-1-', NULL, '2023-04-21 15:23:16', '0000-00-00 00:00:00', 1, 188),
	(189, 'BPI-Philam Life Assurance Corporation', NULL, 'Forest Ranger', '2012-3-', NULL, '2023-04-21 15:23:16', '0000-00-00 00:00:00', 1, 189),
	(190, 'SGS Philippines, Inc.', NULL, 'Supply Chain Coordinator', '2020-2-', NULL, '2023-04-21 15:23:16', '0000-00-00 00:00:00', 1, 190),
	(191, 'Avida Land', NULL, 'Logistics Coordinator', '2006-1-', NULL, '2023-04-21 15:23:16', '0000-00-00 00:00:00', 1, 191),
	(192, 'Energy Development Corporation (EDC)', NULL, 'Agricultural Inspector', '2003-2-', NULL, '2023-04-21 15:23:16', '0000-00-00 00:00:00', 1, 192),
	(193, 'East West Banking Corporation (EastWest Bank)', NULL, 'Agricultural Inspector', '2014-6-', NULL, '2023-04-21 15:23:16', '0000-00-00 00:00:00', 1, 193),
	(194, 'Meralco PowerGen Corporation', NULL, 'Agricultural Scientist', '2006-5-', NULL, '2023-04-21 15:23:16', '0000-00-00 00:00:00', 1, 194),
	(195, 'EEI Corporation', NULL, 'Agricultural Extension Worker', '2004-12', NULL, '2023-04-21 15:23:17', '0000-00-00 00:00:00', 1, 195),
	(196, 'Manila Water Company, Inc.', NULL, 'Customer Service Representative', '2007-4-', NULL, '2023-04-21 15:23:17', '0000-00-00 00:00:00', 1, 196),
	(197, 'Meralco PowerGen Corporation Renewable Energy', NULL, 'Customer Service Representative', '2021-3-', NULL, '2023-04-21 15:23:17', '0000-00-00 00:00:00', 1, 197);

/*!40103 SET TIME_ZONE=IFNULL(@OLD_TIME_ZONE, 'system') */;
/*!40101 SET SQL_MODE=IFNULL(@OLD_SQL_MODE, '') */;
/*!40014 SET FOREIGN_KEY_CHECKS=IFNULL(@OLD_FOREIGN_KEY_CHECKS, 1) */;
/*!40101 SET CHARACTER_SET_CLIENT=@OLD_CHARACTER_SET_CLIENT */;
/*!40111 SET SQL_NOTES=IFNULL(@OLD_SQL_NOTES, 1) */;
